Patient_ID,Age,Weight,Length,Sex,BMI,DM,HTN,Current Smoker,Ex-Smoker,FH,Obesity,CRF,CVA,Airway disease,Thyroid Disease,Function Class,Typical Chest Pain,Dyspnea,Atypical,Nonanginal,Exertional CP,LowTH Ang,BP,PR,Edema,Weak Peripheral Pulse,Lung rales,Systolic Murmur,Diastolic Murmur,FBS,CR,TG,LDL,HDL,BUN,ESR,HB,K,Na,WBC,Lymph,Neut,PLT,EF-TTE,Region RWMA,VHD,Q Wave,St Elevation,St Depression,Tinversion,LVH,Poor R Progression,LAD,LCX,RCA,Cath
ZAS-001,61,80.0,168.8,Male,28.08,N,N,Y,N,N,N,Y,N,N,Y,2,Y,N,N,N,N,Y,144,76,N,N,N,N,N,93,1.09,193,178,47,10,10,13.6,3.82,143,7537,18,76,201,51,1,N,0,0,0,0,N,N,Stenotic,Stenotic,Normal,CAD
ZAS-002,57,62.0,164.8,Male,22.83,N,Y,N,N,N,N,N,N,N,N,3,Y,N,N,N,Y,Y,142,67,Y,N,N,N,N,70,1.15,158,114,47,24,4,13.3,3.83,141,4236,49,48,209,43,0,N,0,0,0,1,N,N,Stenotic,Normal,Normal,CAD
ZAS-003,75,68.6,170.8,Male,23.52,N,Y,N,N,N,N,N,N,N,N,3,N,N,N,Y,N,Y,135,60,N,Y,N,Y,N,84,1.53,112,124,40,26,3,15.0,4.46,144,8939,31,64,204,49,2,N,0,0,0,0,N,N,Stenotic,Normal,Stenotic,CAD
ZAS-004,60,81.0,170.0,Male,28.03,Y,Y,N,Y,N,N,Y,N,Y,N,3,Y,N,N,N,Y,N,151,68,N,N,N,Y,N,117,1.38,185,119,30,12,41,14.5,4.3,138,8511,39,58,195,47,1,Moderate,0,0,0,1,N,N,Stenotic,Normal,Normal,CAD
ZAS-005,67,73.9,177.0,Male,23.59,Y,N,Y,N,N,N,N,N,N,N,4,Y,Y,N,N,N,Y,124,66,N,Y,N,N,N,118,1.54,277,145,40,11,13,13.9,4.43,141,7034,22,73,192,37,1,N,0,0,1,1,N,N,Normal,Stenotic,Normal,CAD
ZAS-006,53,75.1,167.0,Male,26.93,N,Y,Y,N,N,N,N,N,N,N,2,Y,N,N,N,Y,N,129,66,N,N,N,N,N,95,0.99,168,149,30,24,32,12.7,4.24,146,9954,34,62,271,46,0,Moderate,1,0,0,0,Y,N,Stenotic,Stenotic,Stenotic,CAD
ZAS-007,55,87.1,176.5,Male,27.96,N,N,Y,N,N,N,N,N,N,N,3,N,Y,N,N,N,Y,125,80,N,N,N,N,N,121,1.13,138,154,49,16,26,13.0,4.29,142,7072,37,60,142,50,1,mild,0,0,0,1,N,N,Normal,Normal,Stenotic,CAD
ZAS-008,63,75.0,175.3,Male,24.41,Y,Y,N,N,N,N,N,N,N,N,3,N,N,Y,N,N,N,131,68,Y,N,N,N,N,130,0.92,157,158,31,20,32,14.7,4.74,138,9612,25,71,154,54,1,N,0,0,1,0,N,N,Stenotic,Normal,Normal,CAD
ZAS-009,58,73.4,165.2,Male,26.9,N,Y,Y,N,N,N,N,N,N,N,2,N,N,N,N,N,N,133,84,N,N,N,N,N,130,1.29,105,88,40,20,20,14.7,4.54,135,7402,26,69,303,32,2,mild,0,0,0,0,N,Y,Stenotic,Normal,Normal,CAD
ZAS-010,53,81.4,169.6,Male,28.3,Y,Y,Y,N,N,N,N,N,N,N,2,Y,N,N,N,Y,N,111,85,N,N,N,N,N,161,1.16,177,65,46,16,23,12.3,4.05,138,8126,38,60,175,53,2,mild,0,0,0,0,N,N,Stenotic,Stenotic,Stenotic,CAD
ZAS-011,66,71.3,166.7,Male,25.66,Y,N,Y,N,N,N,N,N,N,N,4,Y,Y,N,N,N,Y,135,78,N,N,N,N,N,136,1.66,251,103,39,13,36,15.7,4.12,140,6857,27,69,288,25,1,Moderate,1,0,0,1,N,N,Stenotic,Normal,Normal,CAD
ZAS-012,53,80.5,178.3,Male,25.32,N,Y,N,Y,N,N,N,N,N,N,3,Y,Y,N,N,Y,N,114,62,N,N,N,N,N,97,1.8,165,162,38,11,18,12.9,3.94,140,6306,31,65,176,61,2,N,1,0,1,0,N,N,Stenotic,Normal,Normal,CAD
ZAS-013,63,73.6,167.0,Male,26.39,N,Y,N,N,N,N,N,N,N,N,3,Y,Y,N,N,Y,N,126,78,N,N,N,N,N,113,1.3,193,130,43,24,25,13.3,5.19,135,6986,40,55,298,45,1,N,0,0,1,0,Y,Y,Stenotic,Normal,Normal,CAD
ZAS-014,63,52.1,176.4,Male,16.74,Y,Y,N,N,N,N,N,N,N,N,1,Y,Y,N,N,N,N,144,74,N,N,N,Y,N,119,1.1,113,154,35,18,21,14.8,4.34,139,7930,36,58,170,24,1,N,0,0,0,1,Y,N,Stenotic,Stenotic,Normal,CAD
ZAS-015,71,89.1,177.5,Male,28.28,N,Y,Y,N,N,N,N,N,N,N,1,N,N,N,N,N,Y,132,76,N,N,N,N,N,70,1.03,176,111,44,13,3,12.9,4.72,138,11545,34,61,174,50,0,mild,0,0,1,0,N,Y,Stenotic,Normal,Normal,CAD
ZAS-016,65,79.8,175.2,Male,26.0,Y,Y,N,N,Y,N,N,N,N,N,1,Y,Y,N,N,Y,N,157,71,N,N,N,N,N,103,1.18,149,132,42,24,23,13.2,4.8,142,8689,25,69,229,44,2,mild,0,0,0,0,N,N,Normal,Normal,Stenotic,CAD
ZAS-017,78,60.9,155.6,Male,25.15,Y,Y,N,N,N,N,N,N,N,N,3,N,Y,Y,N,N,Y,156,92,Y,N,N,N,N,171,1.19,138,104,31,21,29,13.1,3.87,144,7161,37,57,193,47,2,Moderate,0,0,0,1,N,N,Stenotic,Normal,Normal,CAD
ZAS-018,63,68.2,171.7,Male,23.13,Y,Y,N,N,N,N,N,N,N,N,2,Y,Y,N,N,N,N,137,77,N,N,N,N,N,113,1.46,142,102,37,27,27,14.9,3.99,140,5917,27,69,319,46,1,N,0,0,0,0,N,N,Normal,Stenotic,Normal,CAD
ZAS-019,64,76.9,165.3,Male,28.14,N,N,Y,N,Y,N,N,Y,N,Y,2,Y,N,N,N,Y,Y,145,80,N,N,N,N,N,142,1.73,115,154,36,24,8,13.3,4.28,140,6656,26,69,165,61,1,mild,1,0,0,0,N,N,Normal,Stenotic,Normal,CAD
ZAS-020,59,80.6,184.4,Male,23.7,N,N,Y,N,Y,N,N,N,N,N,1,Y,Y,N,N,N,N,127,72,N,N,N,N,N,95,0.99,156,135,28,18,26,13.7,3.99,142,10796,26,72,275,43,3,N,1,0,0,0,N,Y,Stenotic,Normal,Normal,CAD
ZAS-021,69,72.6,160.7,Female,28.11,N,Y,N,N,N,N,N,N,N,N,1,N,Y,N,N,N,N,128,66,N,Y,N,Y,N,134,1.23,186,99,40,13,16,12.9,4.73,139,4334,27,71,195,54,1,N,0,0,1,1,N,Y,Stenotic,Normal,Normal,CAD
ZAS-022,66,76.5,178.6,Male,23.98,N,Y,Y,N,N,N,N,N,N,N,2,Y,Y,N,N,Y,Y,132,78,N,N,N,N,N,144,1.37,193,135,36,8,9,13.2,3.96,138,8875,35,60,281,32,4,N,0,0,1,0,N,Y,Normal,Normal,Stenotic,CAD
ZAS-023,48,89.2,154.1,Female,37.56,N,Y,Y,N,N,Y,N,N,N,N,2,Y,Y,N,N,Y,N,133,71,N,Y,N,N,N,105,1.0,213,118,22,16,21,13.3,4.32,136,6184,29,66,300,36,1,N,0,1,0,0,N,N,Stenotic,Stenotic,Normal,CAD
ZAS-024,56,70.7,181.3,Male,21.51,N,Y,Y,N,N,N,N,N,N,N,3,Y,Y,N,N,N,N,123,79,Y,N,N,N,N,88,1.43,203,123,47,16,19,12.7,4.1,140,6311,33,65,197,49,1,N,1,0,1,0,N,N,Stenotic,Normal,Normal,CAD
ZAS-025,62,62.1,173.9,Male,20.53,N,Y,N,N,N,N,N,N,N,N,2,N,Y,N,N,N,Y,123,73,Y,N,N,N,N,117,1.2,158,169,24,13,14,12.3,4.35,141,4513,18,79,257,39,1,N,1,0,1,0,N,Y,Stenotic,Normal,Stenotic,CAD
ZAS-026,71,85.9,173.7,Male,28.47,Y,Y,N,N,N,N,N,N,N,N,3,Y,N,N,N,N,N,128,86,N,N,N,N,N,80,0.78,157,156,42,9,13,11.8,4.21,135,5525,29,66,220,44,1,Moderate,0,0,1,0,Y,N,Normal,Normal,Stenotic,CAD
ZAS-027,61,87.9,161.5,Male,33.7,N,Y,Y,N,N,Y,N,N,N,Y,3,Y,N,N,N,N,N,124,77,N,N,N,N,N,76,0.99,118,76,43,19,10,13.2,4.35,141,9871,32,63,218,52,0,mild,0,0,0,1,N,Y,Stenotic,Stenotic,Normal,CAD
ZAS-028,54,79.1,169.0,Male,27.7,Y,Y,Y,N,N,N,N,Y,N,N,1,N,N,N,Y,Y,N,133,66,Y,Y,N,N,N,130,0.81,205,144,37,19,5,14.8,4.09,140,9584,25,73,187,34,2,N,1,0,0,1,N,N,Stenotic,Normal,Normal,CAD
ZAS-029,64,79.3,161.9,Male,30.25,Y,Y,N,N,Y,Y,N,N,N,N,3,N,Y,Y,N,Y,N,135,65,N,N,N,N,N,70,1.33,182,145,22,16,33,12.0,4.63,139,7872,27,71,198,50,0,N,0,0,0,1,N,N,Stenotic,Normal,Normal,CAD
ZAS-030,56,67.0,158.7,Female,26.6,N,N,N,N,Y,N,N,N,N,N,4,N,N,Y,N,Y,N,115,100,N,Y,N,N,N,70,0.6,215,162,38,16,43,13.5,4.02,142,5810,27,68,273,41,2,N,0,0,0,1,Y,N,Stenotic,Normal,Stenotic,CAD
ZAS-031,61,86.0,175.4,Male,27.95,N,Y,Y,N,N,N,N,N,N,N,3,N,Y,N,N,Y,N,137,84,N,N,N,N,N,70,1.2,200,129,35,13,20,14.3,3.83,138,7360,20,75,406,27,3,N,0,0,0,0,N,N,Normal,Stenotic,Normal,CAD
ZAS-032,60,80.0,147.0,Female,37.02,Y,Y,Y,N,Y,Y,N,N,N,N,2,N,N,N,Y,N,Y,121,73,N,N,N,N,N,92,0.82,92,104,40,18,14,11.4,3.9,135,5822,36,59,276,36,2,N,1,0,0,0,N,Y,Stenotic,Stenotic,Stenotic,CAD
ZAS-033,72,87.1,180.9,Male,26.62,Y,N,N,Y,N,N,N,N,N,N,4,N,N,N,N,N,N,121,74,N,N,N,N,N,117,1.39,200,105,39,16,22,13.5,4.71,142,5804,30,68,235,25,2,mild,0,0,0,1,N,Y,Stenotic,Stenotic,Normal,CAD
ZAS-034,69,66.4,157.7,Female,26.7,N,Y,N,N,N,N,N,N,N,N,2,Y,Y,N,N,Y,N,124,69,N,N,N,N,N,88,1.39,202,93,36,13,28,11.5,3.8,132,5329,24,74,199,39,2,Moderate,0,0,1,0,N,N,Normal,Normal,Stenotic,CAD
ZAS-035,62,81.3,179.1,Male,25.35,Y,Y,Y,N,N,N,N,N,N,N,4,N,Y,N,N,N,N,152,65,N,N,N,N,N,143,1.12,230,152,36,14,51,15.8,4.18,138,5448,23,71,233,60,1,N,0,0,0,0,N,N,Stenotic,Normal,Stenotic,CAD
ZAS-036,56,80.0,165.0,Male,29.38,N,Y,N,N,N,N,N,N,N,N,1,N,Y,N,N,Y,N,138,75,N,N,N,N,N,77,1.18,216,121,26,9,37,14.6,3.7,138,11061,25,72,150,53,3,N,0,0,1,0,N,N,Stenotic,Normal,Stenotic,CAD
ZAS-037,69,68.5,167.3,Male,24.47,N,Y,N,N,N,N,N,N,N,N,1,Y,Y,N,N,Y,N,124,66,N,N,N,N,N,70,1.47,168,131,37,13,32,13.7,4.56,136,6766,30,67,275,48,1,N,0,0,0,1,Y,N,Stenotic,Stenotic,Normal,CAD
ZAS-038,64,92.0,176.6,Male,29.5,N,Y,N,N,N,N,N,N,N,N,2,N,N,Y,N,Y,Y,154,80,N,N,N,N,N,110,1.28,156,121,22,17,10,14.2,4.13,140,4978,33,65,159,55,2,N,1,0,1,0,N,Y,Normal,Stenotic,Stenotic,CAD
ZAS-039,64,64.6,148.8,Female,29.18,N,Y,N,N,N,N,N,N,N,N,3,Y,N,N,N,Y,N,126,76,Y,N,N,N,N,98,1.24,142,113,43,25,16,14.3,4.66,135,9125,31,66,224,56,1,N,0,0,1,1,N,N,Normal,Normal,Stenotic,CAD
ZAS-040,67,69.8,177.9,Male,22.05,N,N,N,N,N,N,N,N,N,N,3,Y,N,N,N,N,Y,117,75,N,N,N,N,N,76,1.28,199,164,38,21,28,13.3,4.13,140,6382,34,60,253,49,1,N,0,0,1,0,Y,N,Stenotic,Normal,Normal,CAD
ZAS-041,67,60.3,168.4,Female,21.26,N,Y,N,Y,N,N,N,N,N,N,2,Y,Y,N,N,N,N,132,77,N,N,N,N,N,70,1.79,253,67,41,22,18,11.3,4.48,140,8684,29,65,341,42,1,N,0,0,0,0,N,N,Stenotic,Normal,Normal,CAD
ZAS-042,55,66.8,169.3,Male,23.31,Y,Y,Y,N,N,N,N,N,N,N,1,Y,Y,N,N,N,Y,134,73,N,N,N,Y,N,191,0.9,170,123,28,16,43,14.0,3.97,139,5324,30,65,266,24,0,N,1,0,0,0,N,N,Stenotic,Normal,Stenotic,CAD
ZAS-043,68,86.2,169.7,Male,29.93,N,N,Y,N,N,N,N,N,Y,N,3,Y,N,N,N,Y,N,105,85,Y,N,N,N,N,115,1.26,180,189,29,16,22,14.7,4.12,144,7289,31,64,154,51,2,N,0,0,0,1,N,N,Stenotic,Normal,Stenotic,CAD
ZAS-044,59,81.6,174.2,Male,26.89,Y,Y,N,N,N,N,N,N,N,N,2,Y,Y,N,N,N,Y,120,86,N,N,N,N,N,138,0.99,140,147,56,24,4,14.5,4.37,140,5947,34,60,220,45,1,N,0,0,0,1,N,Y,Stenotic,Normal,Normal,CAD
ZAS-045,57,83.0,168.1,Male,29.37,N,Y,N,N,N,N,N,N,N,N,4,Y,Y,N,N,Y,Y,147,69,N,N,N,N,N,129,1.3,170,94,57,19,33,16.9,4.05,138,10182,21,76,233,40,2,N,0,0,0,1,N,Y,Stenotic,Stenotic,Normal,CAD
ZAS-046,68,67.7,160.1,Female,26.41,N,N,N,Y,N,N,N,N,N,N,4,Y,N,N,N,N,N,131,69,Y,N,N,N,N,107,1.08,175,175,44,23,8,11.9,3.7,133,6400,41,57,267,44,2,N,0,0,0,1,N,N,Stenotic,Stenotic,Stenotic,CAD
ZAS-047,69,88.7,162.8,Female,33.47,Y,Y,N,N,N,Y,N,N,N,N,2,Y,Y,N,N,N,N,160,73,N,N,N,N,N,119,1.35,166,111,41,14,14,14.2,4.34,141,9826,22,75,278,41,2,N,0,0,1,1,Y,N,Stenotic,Stenotic,Normal,CAD
ZAS-048,75,80.4,167.3,Male,28.73,Y,Y,Y,N,N,N,N,N,N,N,1,Y,Y,N,N,Y,N,123,83,N,N,N,N,N,150,1.08,194,150,44,26,6,12.2,4.63,138,8332,37,57,173,43,2,N,0,0,1,1,N,N,Stenotic,Stenotic,Normal,CAD
ZAS-049,48,66.3,161.6,Female,25.39,Y,N,N,N,N,N,Y,N,N,N,4,Y,N,N,N,N,Y,119,68,N,N,N,N,N,143,1.29,115,98,49,15,18,13.1,4.43,140,8339,27,67,261,57,1,N,0,0,0,0,Y,N,Stenotic,Stenotic,Stenotic,CAD
ZAS-050,82,71.4,168.9,Male,25.03,Y,Y,Y,N,N,N,N,N,N,N,2,Y,N,N,N,Y,N,137,62,N,N,N,N,N,142,1.05,242,120,32,8,27,12.6,4.89,138,6387,31,65,196,55,2,N,0,0,1,1,N,N,Stenotic,Normal,Normal,CAD
ZAS-051,83,74.8,170.1,Male,25.85,N,Y,N,N,N,N,N,N,N,N,3,Y,N,N,N,Y,Y,131,75,N,N,N,N,Y,94,0.98,91,161,37,19,27,12.4,4.63,142,8632,33,64,212,34,0,N,0,0,1,1,N,N,Stenotic,Stenotic,Stenotic,CAD
ZAS-052,52,75.0,161.0,Female,28.93,N,Y,N,N,N,N,N,N,N,N,3,Y,Y,N,N,N,N,143,87,N,N,N,N,N,97,1.43,178,173,55,22,35,12.7,4.11,142,8686,24,70,196,29,4,mild,1,1,1,1,Y,N,Stenotic,Normal,Normal,CAD
ZAS-053,51,62.2,175.5,Male,20.19,Y,Y,N,N,N,N,N,N,N,N,1,N,N,Y,N,N,N,133,84,N,N,N,N,N,150,1.47,226,122,32,23,19,14.2,3.7,140,8522,32,66,192,44,3,N,1,0,0,1,N,N,Stenotic,Stenotic,Normal,CAD
ZAS-054,60,85.7,177.3,Male,27.26,N,Y,N,Y,N,N,N,N,N,N,2,N,N,N,N,N,N,118,83,N,Y,N,N,N,117,1.61,293,118,47,20,19,16.1,4.04,143,8869,31,63,246,28,1,N,0,0,0,0,N,N,Stenotic,Stenotic,Normal,CAD
ZAS-055,50,86.9,167.4,Male,31.01,N,Y,N,N,Y,Y,N,N,N,N,3,Y,Y,N,N,Y,Y,138,59,N,N,N,N,N,126,0.85,214,171,43,20,31,15.4,3.61,135,9682,27,70,276,50,2,N,1,0,0,1,N,N,Stenotic,Stenotic,Stenotic,CAD
ZAS-056,64,91.0,175.8,Male,29.44,N,N,Y,N,N,N,N,N,N,N,1,Y,Y,N,N,N,N,109,81,N,N,N,N,N,148,1.19,200,126,41,13,12,12.5,4.01,138,7929,29,69,252,57,3,N,0,0,1,0,Y,N,Stenotic,Normal,Normal,CAD
ZAS-057,55,84.4,175.0,Male,27.56,N,Y,N,N,N,N,N,N,N,N,2,Y,N,N,N,Y,N,131,87,Y,N,N,N,N,94,0.95,226,116,44,24,26,16.0,4.37,138,10654,24,70,237,65,0,N,1,0,0,1,N,Y,Normal,Stenotic,Normal,CAD
ZAS-058,62,65.9,161.1,Female,25.39,N,N,N,N,Y,N,N,N,N,N,2,Y,N,N,N,N,N,115,76,N,N,N,Y,N,100,1.29,152,57,42,14,39,12.8,4.77,137,9609,19,79,149,60,1,N,0,1,1,0,N,N,Stenotic,Normal,Stenotic,CAD
ZAS-059,55,73.2,146.1,Female,34.29,Y,Y,N,Y,N,Y,N,N,N,N,2,N,N,Y,N,N,N,156,56,N,N,N,N,N,108,1.24,161,116,25,22,15,12.5,4.51,142,8309,31,64,231,34,1,N,0,0,1,0,N,N,Stenotic,Normal,Stenotic,CAD
ZAS-060,65,71.4,160.2,Female,27.82,Y,Y,N,N,Y,N,N,N,N,N,2,N,N,N,N,Y,N,149,78,N,N,N,N,N,122,0.95,214,146,28,16,24,12.6,4.81,143,6506,25,73,258,45,1,N,0,0,0,0,N,Y,Stenotic,Normal,Stenotic,CAD
ZAS-061,56,69.3,175.6,Male,22.47,Y,Y,N,N,Y,N,N,N,N,N,2,Y,N,N,N,N,N,140,82,N,N,N,N,N,111,0.6,173,143,25,16,19,13.8,4.03,148,7380,32,63,206,57,1,mild,1,0,1,0,N,Y,Stenotic,Normal,Normal,CAD
ZAS-062,68,76.1,171.0,Male,26.03,N,Y,N,Y,Y,N,N,N,N,N,3,Y,N,N,N,N,N,145,71,N,N,N,N,N,70,0.86,135,146,47,12,36,14.2,4.21,143,6309,41,55,219,55,2,N,0,1,0,0,N,N,Stenotic,Stenotic,Normal,CAD
ZAS-063,66,72.2,169.9,Female,25.01,N,Y,Y,N,N,N,N,N,N,N,2,Y,N,N,N,Y,N,109,56,N,N,N,N,N,112,1.2,183,98,46,22,45,11.6,4.08,143,10704,30,66,156,47,3,mild,1,0,1,1,N,N,Stenotic,Normal,Normal,CAD
ZAS-064,62,82.0,172.9,Male,27.43,N,Y,N,N,N,N,N,N,N,N,2,Y,Y,N,N,Y,N,136,75,N,N,N,N,N,87,1.57,131,131,36,22,21,15.5,4.74,138,8529,38,59,300,33,3,N,0,0,0,0,N,Y,Stenotic,Stenotic,Stenotic,CAD
ZAS-065,59,75.9,161.2,Male,29.21,N,N,N,N,N,N,N,N,N,N,3,Y,Y,N,N,Y,N,112,81,N,N,N,N,N,134,1.21,133,126,45,21,13,14.9,3.91,141,7589,37,58,193,34,3,N,0,0,0,0,N,Y,Normal,Stenotic,Stenotic,CAD
ZAS-066,60,76.2,176.0,Male,24.6,Y,Y,Y,N,N,N,N,N,N,N,2,Y,Y,N,N,Y,N,155,76,N,N,N,N,N,137,1.15,171,105,43,14,35,14.7,4.21,141,11536,35,60,221,31,1,mild,0,0,0,1,Y,N,Normal,Stenotic,Stenotic,CAD
ZAS-067,61,65.9,155.9,Female,27.11,Y,Y,Y,N,N,N,N,N,Y,N,2,N,Y,N,Y,N,N,133,70,N,N,N,N,N,137,1.1,239,167,50,24,35,13.0,4.37,141,8459,32,62,265,53,1,N,0,0,0,0,N,Y,Stenotic,Normal,Stenotic,CAD
ZAS-068,61,71.0,181.6,Male,21.53,Y,N,N,N,N,N,N,N,Y,N,3,N,Y,N,N,N,Y,123,75,N,N,N,N,N,129,1.6,144,149,44,21,2,14.4,4.1,136,4859,37,60,286,54,0,Moderate,1,0,0,0,N,Y,Stenotic,Stenotic,Stenotic,CAD
ZAS-069,55,86.3,148.5,Female,39.13,Y,Y,Y,N,N,Y,N,N,N,N,2,Y,N,N,N,N,N,161,62,Y,N,N,N,N,128,0.75,235,50,28,24,29,13.9,4.82,143,5210,38,59,255,40,2,N,0,0,1,0,N,Y,Stenotic,Normal,Stenotic,CAD
ZAS-070,68,72.1,165.1,Female,26.45,Y,Y,N,N,N,N,N,N,N,N,3,Y,N,N,N,Y,N,126,89,N,N,N,N,N,133,1.13,133,163,41,12,20,13.0,4.57,137,8949,20,75,281,52,1,Moderate,0,0,0,0,Y,N,Stenotic,Normal,Normal,CAD
ZAS-071,63,82.7,162.4,Male,31.36,N,Y,Y,N,N,Y,N,N,N,N,2,Y,N,N,N,N,Y,135,60,N,N,N,N,N,70,1.04,297,162,36,21,33,13.2,3.7,138,10171,38,56,171,39,2,N,0,0,0,0,N,N,Stenotic,Stenotic,Stenotic,CAD
ZAS-072,58,78.8,161.0,Male,30.4,N,Y,N,N,N,Y,N,N,N,Y,1,Y,Y,N,N,N,N,135,82,N,N,N,N,Y,101,1.03,228,89,47,11,15,13.5,4.38,134,7245,41,54,138,60,4,N,0,1,1,0,N,N,Stenotic,Normal,Normal,CAD
ZAS-073,53,61.8,160.6,Male,23.96,N,Y,Y,N,N,N,N,N,N,N,2,Y,Y,N,N,N,N,123,69,N,N,N,Y,N,134,0.84,128,86,38,12,40,13.5,4.47,140,8350,23,71,228,36,3,N,0,0,0,0,N,N,Stenotic,Stenotic,Normal,CAD
ZAS-074,66,92.7,170.6,Male,31.85,N,Y,Y,N,N,Y,N,N,N,N,2,N,N,Y,N,Y,N,126,76,N,N,N,Y,N,101,0.81,151,112,33,15,14,11.7,4.43,145,9702,23,72,161,25,2,N,0,0,1,1,N,N,Stenotic,Stenotic,Stenotic,CAD
ZAS-075,53,93.4,176.4,Male,30.02,N,Y,N,N,N,Y,N,N,N,N,2,N,N,Y,N,Y,N,140,70,N,N,N,N,N,70,1.3,168,96,22,20,5,11.8,4.86,136,7128,31,63,233,34,0,N,0,0,1,0,N,Y,Stenotic,Stenotic,Normal,CAD
ZAS-076,69,64.5,165.7,Male,23.49,Y,N,N,N,N,N,N,N,N,N,2,Y,Y,N,N,N,N,120,79,N,N,N,N,N,155,1.45,217,52,41,21,28,12.0,4.07,138,6267,39,57,268,36,1,N,0,0,0,0,N,Y,Stenotic,Normal,Stenotic,CAD
ZAS-077,65,74.2,171.3,Male,25.29,N,Y,N,N,N,N,N,N,N,N,2,Y,N,N,N,Y,N,137,65,N,N,N,N,N,103,1.02,156,93,37,23,50,12.1,3.5,139,5967,27,68,256,45,1,N,0,0,0,0,N,Y,Stenotic,Normal,Stenotic,CAD
ZAS-078,69,94.9,168.3,Male,33.5,N,Y,N,N,N,Y,N,N,N,N,3,Y,N,N,N,Y,Y,139,75,N,N,N,N,N,105,1.28,104,92,33,13,21,14.3,4.07,136,5855,25,70,244,44,2,N,0,1,0,1,N,Y,Stenotic,Normal,Normal,CAD
ZAS-079,75,76.0,171.3,Male,25.9,N,N,N,Y,N,N,N,N,N,N,2,N,Y,Y,N,N,N,127,77,Y,N,N,N,N,123,1.22,192,84,39,26,29,13.2,4.25,138,7894,20,75,175,34,0,N,1,0,0,1,N,N,Normal,Stenotic,Normal,CAD
ZAS-080,61,78.1,165.0,Male,28.69,N,Y,N,N,Y,N,N,N,N,N,2,Y,N,N,N,N,Y,149,86,N,N,N,N,N,76,0.72,103,157,29,18,15,13.5,4.14,142,7079,20,78,229,33,2,N,1,0,1,0,N,N,Stenotic,Stenotic,Normal,CAD
ZAS-081,66,67.7,160.8,Female,26.18,Y,Y,Y,N,N,N,N,N,N,N,2,Y,N,N,N,N,N,140,79,N,N,Y,N,N,174,1.17,204,151,39,20,24,14.7,4.24,138,9079,23,75,200,55,2,N,0,0,0,1,N,N,Stenotic,Stenotic,Stenotic,CAD
ZAS-082,57,72.3,162.3,Male,27.45,Y,Y,N,N,N,N,N,N,N,N,3,Y,Y,N,N,Y,N,160,65,N,N,N,N,N,119,0.67,136,143,24,16,23,14.8,3.78,143,6688,38,59,185,45,3,N,0,0,0,0,Y,N,Normal,Stenotic,Stenotic,CAD
ZAS-083,62,96.4,179.7,Male,29.85,N,Y,N,N,N,N,Y,N,N,N,2,N,N,N,N,Y,N,157,78,Y,N,N,N,N,132,0.82,220,167,59,16,11,13.7,4.2,141,9846,26,70,288,47,1,Moderate,0,0,0,1,N,N,Stenotic,Normal,Stenotic,CAD
ZAS-084,68,54.1,154.7,Female,22.61,N,N,N,N,Y,N,N,N,N,Y,2,Y,N,N,N,Y,N,115,85,N,N,Y,Y,N,100,1.36,186,115,37,14,14,13.8,4.37,137,6534,34,60,249,56,2,N,0,0,0,0,N,N,Stenotic,Normal,Stenotic,CAD
ZAS-085,65,63.6,161.9,Female,24.26,N,N,Y,N,Y,N,N,N,N,N,2,N,N,Y,N,Y,N,138,85,N,Y,N,N,N,89,1.12,156,135,41,27,33,12.3,4.23,135,9441,35,62,248,63,1,N,0,0,1,0,Y,Y,Stenotic,Normal,Normal,CAD
ZAS-086,72,58.4,181.3,Male,17.77,N,Y,N,N,N,N,N,N,N,N,2,N,Y,N,N,Y,Y,131,78,Y,N,N,Y,N,70,1.06,94,130,33,26,28,12.3,4.38,136,9045,44,51,207,47,2,N,0,0,0,1,N,N,Normal,Stenotic,Normal,CAD
ZAS-087,61,81.2,157.3,Male,32.82,Y,Y,N,N,N,Y,N,Y,Y,N,3,Y,Y,N,N,Y,N,130,76,N,N,N,N,N,150,0.67,194,98,53,19,22,13.9,4.12,137,7994,38,60,155,56,1,mild,0,0,1,0,N,N,Normal,Normal,Stenotic,CAD
ZAS-088,72,90.9,165.6,Male,33.15,Y,N,N,N,N,Y,N,N,N,N,2,Y,Y,N,N,N,Y,140,86,Y,Y,N,N,N,126,1.24,186,139,22,10,40,13.8,4.72,141,6947,19,78,188,44,2,N,0,0,0,1,N,N,Stenotic,Normal,Stenotic,CAD
ZAS-089,52,64.4,166.8,Male,23.15,Y,Y,N,N,N,N,N,N,N,N,3,Y,N,N,N,Y,N,130,85,N,N,N,Y,N,108,1.23,146,105,23,20,32,12.9,4.42,143,9134,46,51,260,48,1,N,0,0,0,0,N,Y,Stenotic,Stenotic,Normal,CAD
ZAS-090,58,82.2,160.8,Female,31.79,N,Y,N,Y,N,Y,N,N,N,N,4,N,Y,Y,N,Y,Y,144,75,N,N,N,N,N,83,1.03,174,94,48,22,15,13.6,3.88,134,8303,34,61,159,43,2,N,0,0,0,0,N,N,Stenotic,Stenotic,Normal,CAD
ZAS-091,63,59.7,178.8,Male,18.67,Y,Y,N,Y,Y,N,N,Y,N,N,3,Y,Y,N,N,N,Y,130,91,N,N,N,N,N,116,0.99,181,121,56,18,33,13.3,4.68,137,7328,36,59,249,52,2,N,0,0,1,0,N,Y,Stenotic,Stenotic,Normal,CAD
ZAS-092,76,81.1,148.6,Female,36.73,N,Y,N,N,Y,Y,N,N,N,Y,1,Y,N,N,N,Y,Y,136,67,N,N,N,N,N,84,1.24,229,148,46,19,36,13.3,4.28,138,9155,37,58,180,51,2,Severe,0,0,1,1,N,N,Stenotic,Stenotic,Stenotic,CAD
ZAS-093,65,77.8,176.0,Male,25.12,Y,N,N,N,N,N,N,N,N,N,1,N,Y,Y,N,N,N,113,79,N,N,N,N,N,114,1.14,141,76,33,11,18,15.6,4.22,138,6445,38,58,197,48,2,N,1,0,1,1,N,N,Stenotic,Stenotic,Normal,CAD
ZAS-094,68,65.1,156.4,Female,26.61,Y,N,Y,N,N,N,N,N,N,N,2,Y,Y,N,N,N,Y,114,83,N,N,N,N,N,167,1.1,200,86,51,10,25,12.3,3.98,139,9776,43,54,270,49,4,N,0,0,1,1,N,N,Stenotic,Stenotic,Normal,CAD
ZAS-095,69,76.6,164.7,Female,28.24,N,Y,Y,N,N,N,N,N,N,N,2,Y,N,N,N,N,Y,128,86,N,N,N,N,N,70,1.69,133,151,35,18,18,13.4,4.79,138,6984,26,71,215,44,0,mild,1,0,0,0,Y,N,Stenotic,Stenotic,Stenotic,CAD
ZAS-096,64,72.1,185.6,Male,20.93,N,Y,N,N,Y,N,N,N,N,N,3,N,N,N,N,Y,N,135,67,N,N,N,N,N,109,1.18,80,145,42,15,2,13.0,4.59,140,8190,13,84,217,53,1,mild,0,0,0,1,N,Y,Normal,Normal,Stenotic,CAD
ZAS-097,73,69.2,165.8,Female,25.17,Y,Y,Y,N,N,N,N,N,N,N,2,N,Y,N,N,N,Y,130,68,N,N,N,N,N,160,0.8,230,163,31,16,18,13.1,4.09,139,6178,26,69,306,42,3,Moderate,1,0,1,0,N,N,Stenotic,Stenotic,Stenotic,CAD
ZAS-098,67,80.4,162.8,Male,30.34,N,Y,N,N,N,Y,N,N,N,N,2,Y,Y,N,N,Y,N,135,79,Y,N,N,N,N,84,0.8,65,96,37,13,44,14.3,3.92,146,8952,20,74,279,48,0,mild,0,0,1,1,Y,N,Normal,Stenotic,Normal,CAD
ZAS-099,60,68.2,150.9,Female,29.95,N,Y,N,N,N,N,N,N,N,N,2,N,Y,N,Y,Y,Y,123,80,N,N,N,Y,N,70,1.22,143,96,27,17,28,12.1,4.67,140,7017,27,67,271,42,1,N,0,0,0,0,N,N,Stenotic,Normal,Normal,CAD
ZAS-100,61,65.9,171.5,Male,22.41,N,N,Y,N,N,N,N,N,N,N,4,N,Y,N,N,N,Y,103,63,N,N,N,N,N,89,0.92,223,134,31,18,2,14.7,4.31,142,9936,38,59,274,38,0,N,0,0,0,0,N,N,Stenotic,Normal,Normal,CAD
ZAS-101,74,75.1,166.0,Male,27.25,N,Y,Y,N,N,N,N,N,N,N,2,Y,N,N,N,Y,Y,122,68,N,N,N,N,N,150,1.27,193,127,39,13,13,14.1,4.56,139,8603,29,68,192,48,3,N,1,1,0,1,N,Y,Stenotic,Normal,Normal,CAD
ZAS-102,68,65.9,167.2,Male,23.57,Y,Y,Y,N,N,N,N,N,N,N,1,Y,N,N,N,Y,N,130,88,N,N,N,Y,N,133,1.42,218,193,29,26,17,15.0,4.41,140,4734,32,64,237,30,0,N,0,0,1,0,N,N,Stenotic,Normal,Stenotic,CAD
ZAS-103,40,66.1,164.4,Male,24.46,N,N,N,N,N,N,N,N,N,N,2,Y,N,N,N,Y,N,143,78,N,Y,N,N,N,80,0.91,213,120,34,22,2,15.2,3.97,141,7801,36,59,277,36,1,mild,0,0,0,0,N,N,Stenotic,Normal,Normal,CAD
ZAS-104,56,75.6,156.5,Male,30.87,N,Y,N,N,Y,Y,N,N,N,N,3,Y,N,N,N,Y,N,125,81,N,N,N,N,N,77,1.37,151,191,38,18,20,13.3,4.63,136,8653,30,67,198,36,1,mild,0,0,1,0,N,N,Stenotic,Normal,Stenotic,CAD
ZAS-105,47,65.7,163.6,Male,24.55,N,Y,N,N,N,N,N,N,N,N,3,N,Y,N,N,N,Y,137,84,N,N,N,N,N,112,1.11,189,97,51,12,26,11.9,4.36,132,9737,32,66,192,39,1,mild,1,0,0,0,N,N,Stenotic,Normal,Stenotic,CAD
ZAS-106,51,85.9,180.8,Male,26.28,Y,Y,Y,N,N,N,N,N,N,N,1,N,N,Y,N,Y,Y,134,75,N,N,N,N,N,135,0.86,122,159,37,15,3,12.7,4.51,140,8022,28,67,197,49,2,mild,0,0,0,0,Y,N,Stenotic,Normal,Normal,CAD
ZAS-107,52,100.8,153.9,Male,42.56,N,N,N,N,N,Y,N,N,N,N,2,Y,N,N,N,N,N,129,78,N,N,N,N,N,119,1.28,176,155,43,18,33,13.9,4.32,146,9863,23,71,154,34,0,mild,1,0,0,0,N,N,Stenotic,Normal,Stenotic,CAD
ZAS-108,52,53.7,150.3,Female,23.77,Y,Y,N,N,N,N,N,N,N,N,2,Y,N,N,N,Y,Y,105,77,N,N,N,Y,N,142,1.54,239,101,40,19,15,12.2,3.55,142,9158,39,59,210,37,2,Moderate,0,0,0,0,N,N,Stenotic,Normal,Normal,CAD
ZAS-109,83,58.1,159.3,Female,22.9,N,Y,N,N,N,N,N,N,N,N,1,Y,N,N,N,Y,N,140,84,N,N,N,N,N,102,1.49,209,126,33,20,41,11.4,4.03,143,8569,27,68,285,45,1,N,0,0,1,0,N,N,Stenotic,Normal,Normal,CAD
ZAS-110,62,84.8,180.3,Male,26.09,N,Y,N,N,N,N,N,Y,N,N,3,N,N,Y,N,N,Y,152,83,N,Y,N,N,N,93,0.87,227,161,30,16,32,13.6,4.46,140,8980,33,62,252,52,1,N,0,1,0,0,N,Y,Normal,Stenotic,Stenotic,CAD
ZAS-111,74,73.4,165.1,Male,26.93,N,Y,Y,N,Y,N,N,N,N,N,2,N,Y,N,N,N,N,159,65,N,N,N,N,N,113,1.48,170,84,40,18,27,14.3,4.38,143,4870,26,72,230,52,1,N,0,0,0,1,Y,N,Stenotic,Normal,Stenotic,CAD
ZAS-112,65,88.9,170.7,Male,30.51,N,Y,N,N,N,Y,N,N,N,N,1,Y,Y,N,N,N,N,129,78,N,N,N,N,N,82,1.32,168,135,31,16,34,14.7,3.73,142,8051,36,61,246,30,2,N,0,0,1,0,N,N,Stenotic,Stenotic,Normal,CAD
ZAS-113,60,70.2,158.7,Male,27.87,N,Y,Y,N,N,N,Y,N,Y,N,3,N,Y,Y,N,Y,N,154,69,N,Y,N,N,N,102,1.04,241,158,43,15,41,15.0,3.8,143,8069,32,63,133,52,2,N,1,0,0,0,N,N,Stenotic,Normal,Normal,CAD
ZAS-114,78,93.1,172.8,Male,31.18,N,Y,N,N,N,Y,N,N,N,N,2,Y,N,N,N,Y,N,139,71,N,N,N,N,N,126,0.83,176,73,29,27,11,13.8,4.57,141,5995,33,65,171,46,3,mild,0,0,0,0,N,N,Stenotic,Stenotic,Normal,CAD
ZAS-115,58,76.3,161.4,Female,29.29,Y,Y,Y,N,Y,N,N,Y,N,N,1,N,Y,N,N,N,Y,141,81,N,N,N,N,N,84,0.74,181,88,35,11,28,13.4,4.07,140,6687,26,72,258,48,4,N,1,0,1,1,N,N,Normal,Stenotic,Stenotic,CAD
ZAS-116,67,66.1,153.2,Female,28.16,Y,Y,N,N,N,N,N,N,N,N,4,Y,N,N,N,Y,N,145,73,N,N,N,N,N,193,0.7,179,50,29,10,20,10.5,4.16,141,7346,31,63,237,45,2,N,0,0,0,1,N,N,Normal,Stenotic,Stenotic,CAD
ZAS-117,69,80.9,151.7,Female,35.15,N,Y,N,Y,N,Y,N,N,N,N,2,Y,Y,N,N,Y,N,135,80,N,N,N,N,N,153,1.51,128,75,46,15,20,11.4,5.24,137,7571,39,56,203,52,3,N,0,0,0,1,Y,N,Stenotic,Normal,Stenotic,CAD
ZAS-118,67,83.1,156.4,Female,33.97,N,Y,Y,N,N,Y,N,N,N,N,1,N,N,Y,N,Y,Y,130,104,Y,N,N,N,N,73,0.92,166,112,26,17,28,12.0,4.54,141,8423,28,69,272,47,2,Moderate,1,0,0,1,Y,N,Normal,Stenotic,Normal,CAD
ZAS-119,59,73.5,163.7,Female,27.43,N,Y,N,N,Y,N,N,N,N,N,3,N,N,Y,N,Y,N,127,63,N,N,N,N,N,80,0.61,228,140,41,22,25,12.4,4.07,131,9491,12,85,211,43,3,N,0,0,1,1,Y,Y,Stenotic,Stenotic,Normal,CAD
ZAS-120,60,68.1,159.1,Female,26.9,Y,N,N,Y,Y,N,N,N,N,N,1,N,Y,N,Y,N,N,140,58,N,N,N,N,N,136,1.51,226,152,44,18,27,13.5,4.6,137,8519,30,67,312,35,1,N,1,0,1,0,N,N,Stenotic,Normal,Stenotic,CAD
ZAS-121,58,66.6,177.2,Male,21.21,Y,N,Y,N,N,N,N,N,N,N,3,N,N,Y,N,Y,N,122,88,N,N,Y,N,N,104,0.88,210,120,33,11,35,15.8,4.17,141,7191,27,70,254,20,0,mild,0,0,0,0,N,N,Stenotic,Normal,Stenotic,CAD
ZAS-122,47,84.2,163.4,Male,31.54,Y,N,Y,N,N,Y,N,N,N,N,2,Y,N,N,N,Y,N,118,71,N,N,N,N,N,139,0.97,145,96,37,22,33,12.6,4.33,139,4582,37,58,140,50,1,N,1,0,0,0,Y,N,Stenotic,Normal,Stenotic,CAD
ZAS-123,53,65.0,166.6,Male,23.42,N,Y,Y,N,N,N,N,N,N,N,2,Y,N,N,N,Y,Y,134,80,N,N,N,N,N,70,1.07,183,128,44,17,28,12.9,3.6,141,8443,29,66,226,25,1,N,0,0,1,1,N,N,Stenotic,Stenotic,Normal,CAD
ZAS-124,54,67.0,170.6,Male,23.02,N,Y,N,N,N,N,N,N,N,N,3,Y,Y,N,N,N,Y,160,85,Y,N,N,N,N,108,1.63,151,105,41,12,16,13.6,3.85,142,5199,34,63,279,34,2,N,0,0,0,0,N,N,Stenotic,Normal,Normal,CAD
ZAS-125,74,80.7,165.5,Male,29.46,Y,N,N,N,N,N,N,N,N,N,2,Y,Y,N,N,Y,N,136,76,Y,N,N,N,N,150,0.61,224,135,44,26,27,13.5,4.69,139,7429,28,70,147,46,2,mild,0,0,1,0,Y,N,Stenotic,Stenotic,Stenotic,CAD
ZAS-126,59,66.0,165.7,Female,24.04,N,N,N,N,N,N,N,N,N,N,2,Y,N,N,N,Y,Y,127,80,N,N,N,N,N,70,1.63,154,158,28,8,44,10.7,3.89,143,7943,29,65,306,47,2,N,0,0,1,1,N,N,Stenotic,Normal,Normal,CAD
ZAS-127,63,101.4,177.5,Male,32.18,N,Y,N,N,N,Y,N,N,N,N,2,N,Y,N,N,Y,N,130,74,N,N,N,Y,N,70,1.14,192,82,44,13,20,13.1,3.69,138,7008,21,77,253,33,1,N,1,0,0,0,N,N,Stenotic,Stenotic,Normal,CAD
ZAS-128,69,68.5,169.5,Male,23.84,N,N,N,N,N,N,N,N,N,N,2,Y,N,N,N,N,N,153,62,N,N,N,N,N,95,1.27,96,185,48,23,2,14.9,3.75,141,9660,38,59,312,38,1,mild,0,0,1,1,N,N,Stenotic,Normal,Stenotic,CAD
ZAS-129,85,69.1,173.4,Male,22.98,N,Y,Y,N,N,N,N,N,N,N,2,Y,N,N,N,Y,Y,141,95,N,N,N,N,N,116,1.02,90,165,38,8,46,13.5,4.09,140,7509,32,63,256,62,0,N,0,0,1,1,Y,N,Stenotic,Normal,Normal,CAD
ZAS-130,55,66.4,176.9,Male,21.22,N,Y,Y,N,N,N,N,N,N,N,1,N,Y,N,N,Y,Y,136,90,N,N,N,Y,N,87,0.84,82,130,41,16,44,15.1,4.34,141,6524,30,64,269,65,0,mild,1,0,1,0,Y,N,Stenotic,Stenotic,Normal,CAD
ZAS-131,48,75.8,181.5,Male,23.01,N,N,N,N,N,N,N,N,Y,N,3,Y,N,N,N,N,N,125,88,N,N,N,N,N,136,1.05,162,127,44,18,11,14.6,4.28,137,8846,20,77,134,52,1,mild,0,0,1,0,N,N,Stenotic,Normal,Normal,CAD
ZAS-132,69,85.6,159.6,Male,33.61,N,Y,N,N,Y,Y,N,N,N,N,2,Y,N,N,N,Y,N,109,83,N,N,N,N,N,72,1.12,193,131,42,18,19,14.0,4.01,136,7773,36,62,231,42,2,N,0,0,1,1,N,N,Stenotic,Normal,Normal,CAD
ZAS-133,65,73.5,153.9,Female,31.03,Y,N,Y,N,N,Y,N,Y,N,Y,2,N,N,N,N,N,N,113,80,N,N,N,N,N,99,1.27,198,147,25,18,26,11.9,4.27,140,10870,36,62,183,40,1,N,1,0,0,0,N,N,Stenotic,Normal,Stenotic,CAD
ZAS-134,71,71.4,159.7,Female,28.0,N,N,N,N,N,N,N,N,N,N,3,Y,N,N,N,N,N,99,77,N,N,N,Y,N,70,1.31,65,130,30,24,33,12.7,4.36,142,7926,35,61,312,35,2,N,0,0,0,1,N,N,Stenotic,Normal,Stenotic,CAD
ZAS-135,65,87.8,174.1,Male,28.97,Y,Y,N,N,N,N,N,N,N,N,3,Y,N,N,N,Y,Y,146,59,N,N,N,N,N,133,1.64,171,134,22,8,15,15.3,3.68,138,7342,47,48,266,60,4,mild,0,0,1,0,N,Y,Stenotic,Stenotic,Stenotic,CAD
ZAS-136,59,54.6,156.4,Female,22.32,N,N,Y,N,N,N,N,N,N,N,1,N,Y,Y,N,N,Y,119,90,N,N,N,N,N,99,1.0,78,158,55,10,5,12.4,4.61,138,8121,19,75,248,42,1,Severe,1,1,0,0,N,N,Stenotic,Normal,Normal,CAD
ZAS-137,56,63.4,162.8,Male,23.92,N,Y,N,N,Y,N,N,N,N,N,3,Y,N,N,N,Y,N,150,69,N,N,N,N,Y,70,0.92,241,126,33,22,23,15.1,4.49,134,7440,31,63,239,38,2,mild,0,1,1,1,N,N,Stenotic,Stenotic,Normal,CAD
ZAS-138,58,65.0,169.4,Male,22.65,N,N,N,N,N,N,N,N,N,N,3,Y,N,N,N,N,N,111,75,N,N,N,N,N,83,0.64,189,133,45,14,13,14.2,3.79,139,6207,30,66,171,37,4,N,0,0,0,1,N,N,Stenotic,Normal,Normal,CAD
ZAS-139,49,83.3,168.0,Male,29.51,N,N,Y,N,N,N,N,N,N,N,1,Y,Y,N,N,Y,Y,123,85,N,N,N,N,N,134,1.15,171,116,37,23,27,13.3,4.61,138,9126,37,60,151,45,1,N,0,0,1,0,N,N,Stenotic,Normal,Stenotic,CAD
ZAS-140,52,60.6,166.5,Female,21.86,N,N,N,N,N,N,N,N,N,N,2,Y,N,N,N,N,Y,127,85,N,N,N,N,Y,100,0.95,147,63,22,21,14,11.8,4.92,141,9496,32,63,288,46,1,N,0,0,1,1,N,Y,Normal,Stenotic,Normal,CAD
ZAS-141,67,75.5,168.9,Male,26.47,Y,N,Y,N,N,N,N,N,N,N,2,Y,N,N,N,Y,N,128,71,Y,Y,N,N,Y,167,0.8,153,171,47,16,18,12.6,4.09,142,6249,31,63,203,61,2,N,0,0,1,0,N,N,Normal,Normal,Stenotic,CAD
ZAS-142,61,64.9,159.1,Male,25.64,Y,Y,N,N,N,N,Y,N,N,N,2,Y,Y,N,N,Y,N,120,81,N,N,N,N,N,135,0.84,178,219,32,22,22,13.7,4.07,135,9620,31,67,206,35,3,N,0,0,0,0,Y,Y,Stenotic,Normal,Normal,CAD
ZAS-143,53,67.1,167.8,Female,23.83,N,N,Y,N,N,N,N,N,N,Y,2,Y,Y,N,N,N,Y,128,71,N,N,N,N,N,138,1.1,143,147,53,9,38,11.3,4.08,135,7048,21,73,200,50,2,N,0,0,0,0,N,N,Stenotic,Normal,Normal,CAD
ZAS-144,72,56.3,163.9,Male,20.96,Y,Y,N,N,N,N,N,N,N,N,3,Y,N,N,N,Y,Y,167,81,N,N,N,N,N,165,0.6,186,176,57,15,27,14.8,4.7,141,9475,32,66,173,36,1,N,1,0,1,1,N,N,Stenotic,Normal,Normal,CAD
ZAS-145,63,80.3,160.2,Male,31.29,Y,Y,N,Y,Y,Y,N,N,N,N,2,Y,N,N,N,N,Y,140,88,N,N,N,Y,N,161,1.31,80,106,32,26,15,12.8,4.34,140,8496,28,69,219,48,2,N,0,0,1,1,Y,Y,Stenotic,Normal,Stenotic,CAD
ZAS-146,59,70.1,162.4,Male,26.58,Y,Y,N,N,N,N,N,N,N,N,2,N,N,N,Y,Y,N,146,78,N,N,N,N,N,111,1.05,161,155,52,24,35,13.1,4.69,137,7173,23,74,235,60,4,N,0,0,1,0,N,Y,Stenotic,Stenotic,Stenotic,CAD
ZAS-147,66,73.4,166.5,Female,26.48,Y,Y,N,N,N,N,N,N,Y,N,1,N,Y,Y,N,N,N,138,83,N,N,N,N,N,125,1.73,173,136,35,24,45,12.8,4.03,137,8873,15,82,152,58,2,mild,0,0,1,0,N,Y,Stenotic,Normal,Normal,CAD
ZAS-148,55,53.7,161.3,Female,20.64,N,Y,N,N,N,N,N,N,N,N,2,Y,N,N,N,Y,N,121,63,N,N,N,N,N,101,1.44,154,141,41,14,41,13.6,4.13,143,7857,33,61,193,37,1,N,0,0,0,1,N,N,Stenotic,Normal,Stenotic,CAD
ZAS-149,50,75.1,158.3,Female,29.97,Y,Y,Y,N,Y,N,N,N,N,N,3,Y,N,N,N,N,N,135,74,Y,N,N,N,N,73,0.84,210,107,29,9,22,13.3,4.53,140,10432,22,72,239,44,1,mild,0,0,0,0,Y,N,Stenotic,Normal,Stenotic,CAD
ZAS-150,48,76.5,170.9,Male,26.19,N,N,N,N,N,N,N,N,N,N,4,Y,N,N,N,N,Y,112,87,N,N,N,N,N,70,1.37,183,142,29,15,28,13.5,4.6,142,10196,33,62,261,45,3,N,1,0,0,0,N,Y,Stenotic,Stenotic,Normal,CAD
ZAS-151,66,76.5,169.8,Male,26.53,N,Y,N,N,N,N,N,N,N,N,4,Y,Y,N,N,N,Y,124,60,N,N,N,N,N,113,1.07,178,166,45,22,18,15.0,3.73,135,9683,35,62,189,57,1,Moderate,1,0,0,0,N,N,Stenotic,Stenotic,Normal,CAD
ZAS-152,54,55.8,155.9,Female,22.96,Y,Y,N,N,N,N,N,N,N,N,1,Y,N,N,N,Y,N,130,61,N,N,N,N,Y,181,1.56,137,175,34,18,15,12.3,4.43,139,9115,18,79,264,32,1,N,0,0,0,1,N,N,Stenotic,Normal,Normal,CAD
ZAS-153,53,68.1,168.5,Male,23.99,N,Y,Y,N,N,N,N,N,Y,N,1,Y,N,N,N,Y,Y,125,77,N,N,N,N,N,96,1.36,114,126,35,8,22,13.1,4.69,134,5165,25,72,261,46,1,N,0,0,0,1,N,N,Stenotic,Stenotic,Stenotic,CAD
ZAS-154,70,58.7,153.7,Male,24.85,Y,Y,N,N,Y,N,N,N,N,N,2,N,N,N,N,Y,N,147,67,N,N,N,N,N,139,1.52,209,126,23,10,16,15.6,4.27,135,9241,33,63,243,53,2,N,0,0,0,0,Y,N,Normal,Normal,Stenotic,CAD
ZAS-155,49,73.1,164.6,Female,26.98,Y,Y,Y,N,N,N,N,N,N,N,4,N,Y,N,Y,N,N,160,102,N,N,N,N,N,162,1.24,229,95,42,19,30,11.1,4.47,138,9781,35,60,223,65,1,N,0,0,0,0,N,N,Stenotic,Normal,Stenotic,CAD
ZAS-156,73,64.6,166.1,Female,23.41,Y,N,Y,N,N,N,N,N,N,N,1,Y,Y,N,N,Y,Y,99,75,N,N,N,N,N,95,1.18,133,110,57,20,12,13.6,4.38,143,7683,46,50,174,43,2,N,0,0,0,1,Y,N,Stenotic,Normal,Normal,CAD
ZAS-157,58,73.5,165.7,Male,26.77,N,N,N,Y,N,N,N,N,N,N,2,N,N,N,Y,Y,Y,112,88,N,N,N,N,N,87,1.49,211,132,29,23,39,14.9,4.1,136,12205,31,67,227,45,1,N,0,0,1,1,N,N,Stenotic,Stenotic,Normal,CAD
ZAS-158,53,57.0,170.0,Male,19.72,Y,N,N,N,N,N,N,N,N,N,2,Y,Y,N,N,Y,Y,122,74,N,N,N,N,N,147,1.63,133,155,44,17,3,14.0,4.0,138,7191,25,71,276,22,2,N,1,0,1,1,N,N,Stenotic,Stenotic,Normal,CAD
ZAS-159,48,70.7,161.6,Male,27.07,Y,Y,N,N,N,N,N,N,N,N,2,Y,Y,N,N,Y,N,113,64,N,N,N,N,N,148,1.9,115,171,22,17,14,14.0,4.43,135,7538,36,61,185,40,3,Severe,0,0,0,0,N,N,Stenotic,Normal,Stenotic,CAD
ZAS-160,62,98.4,187.5,Male,27.99,Y,N,N,N,N,N,N,N,N,N,2,N,N,N,N,Y,Y,95,66,Y,N,N,N,N,107,0.75,225,120,38,21,22,14.4,4.0,143,9246,46,48,166,58,4,N,1,1,0,0,N,N,Stenotic,Normal,Normal,CAD
ZAS-161,50,66.2,168.8,Male,23.23,N,Y,N,N,N,N,N,N,N,N,4,N,N,N,N,Y,Y,148,73,N,N,N,N,N,70,0.89,253,140,52,20,6,16.1,4.48,141,9469,15,82,317,56,1,N,0,0,0,0,N,N,Stenotic,Stenotic,Normal,CAD
ZAS-162,61,62.5,170.1,Male,21.6,N,N,N,N,Y,N,N,N,N,N,3,Y,N,N,N,N,Y,103,69,N,N,N,N,N,107,1.09,204,124,61,22,14,12.5,4.73,139,7453,32,65,197,49,2,N,0,0,0,0,Y,N,Normal,Normal,Stenotic,CAD
ZAS-163,61,88.3,170.4,Male,30.41,N,Y,N,N,N,Y,N,N,N,N,3,N,Y,N,Y,Y,N,151,67,N,N,N,N,N,89,1.64,210,70,33,13,7,14.3,4.74,144,9940,30,65,225,45,0,N,1,0,0,1,N,N,Stenotic,Stenotic,Normal,CAD
ZAS-164,58,71.0,164.1,Female,26.37,N,Y,N,N,N,N,N,N,N,N,3,Y,Y,N,N,Y,Y,138,81,N,N,N,N,N,86,1.26,161,119,37,22,33,11.9,4.48,141,5602,35,59,249,57,1,N,0,0,0,0,N,Y,Normal,Normal,Stenotic,CAD
ZAS-165,46,75.3,182.4,Male,22.63,N,Y,N,Y,N,N,N,N,N,N,3,Y,Y,N,N,N,N,155,83,N,N,N,Y,N,119,0.95,157,126,42,22,27,13.8,4.03,141,5539,33,62,170,39,0,N,1,1,1,0,Y,N,Normal,Stenotic,Normal,CAD
ZAS-166,63,70.3,168.8,Male,24.67,N,N,N,N,N,N,N,N,N,N,3,N,Y,N,N,Y,Y,129,74,Y,N,N,N,N,124,1.08,97,125,27,18,49,13.8,4.14,136,5179,20,78,213,29,2,N,0,0,0,0,N,N,Stenotic,Normal,Normal,CAD
ZAS-167,70,95.7,164.2,Male,35.49,N,N,N,N,N,Y,N,N,N,N,3,N,Y,Y,N,Y,Y,134,70,N,N,N,N,Y,87,0.77,190,98,38,14,16,13.7,4.28,141,7146,29,66,247,48,3,N,0,1,0,1,N,N,Stenotic,Normal,Normal,CAD
ZAS-168,72,75.9,180.2,Male,23.37,N,Y,N,Y,N,N,N,N,N,N,4,Y,Y,N,N,Y,N,176,69,Y,N,N,N,N,96,0.66,112,158,37,8,44,16.0,4.3,138,7652,31,66,315,50,1,N,1,0,1,1,N,N,Stenotic,Stenotic,Stenotic,CAD
ZAS-169,67,71.2,173.6,Male,23.63,N,N,Y,N,N,N,N,N,N,N,1,Y,Y,N,N,Y,Y,109,77,N,N,N,N,N,100,1.35,170,117,39,16,25,14.7,4.46,144,6915,31,66,331,47,2,N,0,0,1,1,N,N,Stenotic,Stenotic,Stenotic,CAD
ZAS-170,63,69.5,174.1,Male,22.93,N,Y,N,N,N,N,N,N,N,N,4,Y,Y,N,N,N,N,132,71,N,N,N,N,N,82,0.6,197,176,43,18,15,13.5,4.74,135,11424,20,76,157,49,3,N,0,0,0,1,N,N,Stenotic,Normal,Stenotic,CAD
ZAS-171,66,58.9,150.1,Female,26.14,N,N,Y,N,N,N,N,N,N,N,3,Y,Y,N,N,Y,N,134,78,N,N,N,N,N,70,0.99,165,150,39,20,25,14.6,3.71,139,10606,27,70,201,43,1,N,0,1,0,0,N,N,Stenotic,Stenotic,Stenotic,CAD
ZAS-172,62,64.7,160.9,Female,24.99,N,Y,N,N,N,N,N,N,N,N,2,Y,N,N,N,N,N,142,70,N,N,N,N,N,101,1.6,104,178,42,19,33,14.8,4.4,143,7502,20,78,193,63,3,N,1,0,0,0,N,N,Stenotic,Normal,Stenotic,CAD
ZAS-173,66,78.4,170.2,Male,27.06,N,N,Y,N,N,N,N,N,N,N,3,Y,N,N,N,N,N,123,80,N,N,N,N,N,103,1.16,235,123,49,19,24,13.3,4.2,142,6715,35,62,230,39,2,N,0,0,0,0,Y,Y,Stenotic,Normal,Stenotic,CAD
ZAS-174,64,73.3,167.4,Male,26.16,N,N,N,N,Y,N,N,N,N,N,4,N,Y,Y,N,N,Y,104,58,N,N,N,Y,N,120,1.48,154,156,35,9,19,13.9,3.5,136,7676,33,64,249,52,1,N,0,0,0,1,N,N,Stenotic,Normal,Stenotic,CAD
ZAS-175,52,61.1,157.4,Female,24.66,N,Y,N,N,N,N,N,Y,N,Y,2,Y,N,N,N,N,Y,150,86,N,N,N,N,N,70,1.33,156,133,35,26,47,12.3,3.92,148,8482,23,71,283,60,3,N,0,1,1,0,N,Y,Stenotic,Normal,Normal,CAD
ZAS-176,69,87.8,167.8,Male,31.18,Y,N,N,N,Y,Y,N,Y,N,N,2,Y,N,N,N,N,N,137,58,N,N,N,N,N,70,1.05,198,143,33,15,32,15.6,3.62,137,8530,23,73,201,36,1,N,0,0,1,1,N,N,Stenotic,Stenotic,Stenotic,CAD
ZAS-177,67,83.0,173.0,Male,27.73,Y,N,Y,N,Y,N,N,N,N,N,3,Y,Y,N,N,Y,N,117,86,N,N,N,Y,N,126,0.86,264,90,37,18,21,14.2,3.87,140,7475,36,62,291,47,2,mild,0,0,0,1,N,N,Stenotic,Normal,Normal,CAD
ZAS-178,59,67.2,171.4,Male,22.87,Y,N,N,N,N,N,N,N,N,N,1,Y,N,N,N,N,N,134,67,N,N,N,Y,N,150,1.08,166,157,42,19,25,12.9,3.98,140,9457,23,74,349,34,1,N,0,0,0,0,N,N,Stenotic,Stenotic,Stenotic,CAD
ZAS-179,54,73.9,162.4,Female,28.02,N,Y,N,N,N,N,N,N,N,N,2,N,N,Y,N,N,Y,137,59,Y,N,N,N,N,84,0.89,194,154,41,15,18,12.6,4.08,136,8365,34,63,221,43,2,N,0,0,0,0,Y,N,Normal,Stenotic,Normal,CAD
ZAS-180,64,79.1,172.3,Male,26.64,Y,Y,N,N,N,N,N,N,N,N,2,N,Y,Y,N,N,Y,116,78,N,N,N,N,N,183,1.18,159,120,31,11,8,16.9,4.78,138,7683,24,73,319,30,1,N,0,0,1,0,N,N,Stenotic,Normal,Normal,CAD
ZAS-181,60,76.9,158.2,Female,30.73,N,Y,Y,N,Y,Y,N,N,N,N,1,Y,Y,N,N,Y,N,157,55,N,N,N,N,N,96,0.82,269,98,40,15,21,11.7,4.36,137,5763,23,75,174,61,0,N,0,0,0,0,N,Y,Stenotic,Stenotic,Normal,CAD
ZAS-182,61,80.7,165.6,Male,29.43,N,Y,Y,N,N,N,N,N,N,N,2,N,Y,N,N,Y,Y,145,71,N,N,N,N,N,91,1.18,201,153,44,9,15,13.2,5.3,137,8021,49,48,194,37,0,Moderate,0,0,0,0,N,N,Stenotic,Normal,Stenotic,CAD
ZAS-183,65,62.5,172.5,Male,21.0,N,N,Y,N,N,N,N,Y,Y,N,2,Y,N,N,N,N,N,136,90,N,N,N,N,N,103,1.18,206,155,25,19,13,13.8,4.36,141,8243,51,47,250,61,0,N,1,0,1,0,N,Y,Stenotic,Stenotic,Normal,CAD
ZAS-184,74,71.6,166.6,Male,25.8,Y,N,N,N,Y,N,N,N,N,N,2,N,Y,Y,N,Y,N,138,76,N,N,N,N,N,136,0.95,107,179,42,18,39,14.7,4.45,141,8020,33,61,198,35,3,N,0,0,1,1,N,N,Normal,Normal,Stenotic,CAD
ZAS-185,58,75.0,167.8,Male,26.64,N,Y,Y,N,N,N,N,N,N,N,2,N,N,N,N,N,Y,123,61,N,N,N,Y,N,70,0.99,188,128,44,16,28,13.7,4.29,138,5447,33,63,290,54,1,N,0,1,1,0,N,N,Stenotic,Stenotic,Normal,CAD
ZAS-186,55,79.0,156.8,Female,32.13,Y,N,N,N,N,Y,N,N,N,N,4,Y,N,N,N,Y,N,131,72,N,N,N,N,Y,128,1.07,246,160,36,14,24,11.4,3.97,139,6582,26,69,161,44,3,mild,0,1,1,0,Y,N,Normal,Stenotic,Normal,CAD
ZAS-187,74,76.0,164.1,Female,28.22,Y,N,Y,N,N,N,Y,N,N,N,1,N,N,N,N,N,N,106,73,N,N,N,N,N,149,0.94,170,91,39,16,44,12.1,4.27,140,5290,22,75,302,35,1,N,0,1,1,1,N,Y,Stenotic,Normal,Stenotic,CAD
ZAS-188,50,62.6,177.5,Male,19.87,Y,Y,Y,N,N,N,N,N,N,N,2,N,Y,N,N,Y,Y,151,66,N,N,N,N,N,137,1.21,147,98,35,29,35,14.4,4.49,143,7271,30,66,219,46,1,Moderate,1,0,1,1,N,N,Stenotic,Stenotic,Stenotic,CAD
ZAS-189,65,64.4,160.9,Female,24.88,N,Y,N,N,N,N,N,N,N,N,3,Y,Y,N,N,Y,N,133,75,N,N,N,N,N,98,1.08,147,119,33,15,35,14.3,4.13,139,7943,45,52,214,35,2,Moderate,0,0,1,1,N,N,Stenotic,Normal,Normal,CAD
ZAS-190,47,80.9,171.9,Male,27.38,Y,N,N,N,N,N,N,N,N,Y,3,Y,N,N,N,N,N,137,69,Y,N,N,Y,N,160,0.83,210,157,38,26,35,13.6,4.24,137,9991,28,68,281,33,3,N,0,0,1,0,N,N,Stenotic,Stenotic,Normal,CAD
ZAS-191,72,68.1,172.2,Male,22.97,N,N,N,N,N,N,N,N,N,N,1,N,Y,N,N,Y,N,112,83,N,Y,N,N,N,101,1.36,175,112,43,22,10,13.9,4.05,142,8453,35,59,229,51,0,Moderate,1,0,0,1,N,N,Normal,Stenotic,Normal,CAD
ZAS-192,58,63.0,179.0,Male,19.66,Y,N,Y,N,N,N,N,N,N,N,1,Y,N,N,N,Y,N,100,73,N,N,N,N,N,165,1.08,184,124,38,15,40,15.8,4.36,135,6243,37,57,241,41,3,N,0,0,0,0,N,Y,Stenotic,Stenotic,Normal,CAD
ZAS-193,49,69.0,162.7,Male,26.07,Y,Y,N,N,N,N,N,N,N,N,3,N,N,N,Y,N,N,111,71,Y,N,N,N,N,121,1.2,181,96,37,21,19,13.0,4.27,140,10890,30,65,295,52,1,N,1,0,0,1,N,N,Stenotic,Normal,Stenotic,CAD
ZAS-194,53,71.7,150.1,Female,31.82,Y,N,Y,N,N,Y,N,Y,N,N,2,Y,N,N,N,Y,N,151,81,N,N,N,N,N,100,1.58,130,127,35,13,40,13.3,3.92,144,6450,40,57,215,60,1,N,0,0,1,0,N,N,Stenotic,Normal,Normal,CAD
ZAS-195,67,63.0,162.9,Female,23.74,Y,Y,N,Y,Y,N,N,N,N,N,3,N,N,N,N,Y,Y,153,76,Y,N,N,N,N,105,1.18,109,167,22,14,40,10.5,4.98,138,7322,30,66,281,46,1,N,0,1,1,0,Y,Y,Stenotic,Normal,Stenotic,CAD
ZAS-196,76,69.4,174.2,Male,22.87,N,N,N,N,Y,N,N,N,N,N,2,N,N,N,N,Y,N,133,83,Y,N,Y,N,Y,106,0.94,197,99,26,25,29,14.6,4.0,139,5614,29,67,216,46,2,N,0,0,1,1,N,N,Stenotic,Stenotic,Normal,CAD
ZAS-197,49,60.4,156.2,Female,24.76,Y,Y,N,N,N,N,N,Y,N,N,4,Y,Y,N,N,N,N,113,75,Y,N,N,N,N,143,1.59,71,138,38,19,2,10.5,4.1,137,5417,28,67,224,40,1,N,0,0,0,1,Y,N,Stenotic,Normal,Stenotic,CAD
ZAS-198,53,54.0,169.8,Male,18.73,N,Y,N,Y,N,N,N,N,N,N,2,Y,N,N,N,Y,Y,125,69,N,Y,N,N,N,93,0.89,204,116,33,8,25,12.8,4.01,136,7527,41,53,265,49,1,Moderate,0,1,0,0,N,N,Stenotic,Normal,Stenotic,CAD
ZAS-199,62,59.6,168.2,Male,21.07,N,Y,N,N,N,N,N,N,Y,N,2,Y,Y,N,N,Y,N,146,66,N,N,Y,N,N,124,1.55,131,97,52,17,44,13.9,4.33,139,5595,39,59,167,48,4,Moderate,0,0,0,1,N,N,Stenotic,Normal,Normal,CAD
ZAS-200,52,92.8,160.0,Female,36.25,Y,N,Y,N,N,Y,N,N,N,Y,3,Y,Y,N,N,Y,N,133,76,N,N,N,N,Y,142,1.15,131,163,29,16,19,12.4,4.6,137,9450,28,68,233,36,3,N,0,0,0,1,Y,Y,Stenotic,Normal,Normal,CAD
ZAS-201,75,75.1,172.9,Male,25.12,Y,Y,N,N,N,N,N,N,N,N,3,Y,Y,N,N,Y,N,127,64,N,N,N,N,N,155,0.81,213,50,42,15,19,16.5,4.47,140,7608,21,73,174,40,2,N,0,0,0,0,Y,N,Stenotic,Normal,Normal,CAD
ZAS-202,48,57.0,145,Female,27.11,N,N,N,Y,N,N,N,N,N,N,2,Y,N,N,N,Y,N,133,55,N,N,N,N,N,123,1.07,228,147,45,20,15,12.7,4.31,137,10009,12,82,233,65,2,N,0,0,1,1,N,N,Stenotic,Normal,Stenotic,CAD
ZAS-203,64,82.7,174.2,Male,27.25,N,N,N,Y,N,N,N,Y,N,N,1,Y,Y,N,N,Y,N,134,73,N,N,N,N,N,76,1.5,223,192,47,28,15,12.5,3.83,135,8859,27,67,155,64,0,mild,0,0,0,1,N,N,Stenotic,Stenotic,Normal,CAD
ZAS-204,52,88.9,165.1,Male,32.61,N,Y,N,N,N,Y,N,N,N,N,1,N,N,N,Y,Y,N,136,80,N,N,N,N,N,142,1.12,238,106,41,20,34,12.1,4.99,141,9730,28,69,320,44,0,N,0,0,0,0,N,N,Stenotic,Normal,Normal,CAD
ZAS-205,53,99.9,172.5,Male,33.57,N,Y,N,Y,N,Y,N,N,N,N,2,N,Y,N,N,N,N,104,90,N,N,N,N,Y,75,1.13,170,148,44,25,17,13.7,4.45,142,5404,30,68,261,62,2,N,1,0,1,1,N,N,Stenotic,Normal,Normal,CAD
ZAS-206,57,71.2,167.6,Male,25.35,Y,Y,Y,N,N,N,N,N,N,N,2,Y,N,N,N,Y,N,150,74,N,N,N,N,N,120,0.74,183,91,41,12,16,14.3,4.14,143,9952,23,75,190,40,2,N,0,0,1,1,N,Y,Stenotic,Normal,Stenotic,CAD
ZAS-207,65,78.0,184.1,Male,23.01,N,Y,Y,N,N,N,N,Y,N,N,1,Y,N,N,N,Y,Y,131,78,N,N,N,N,N,129,1.29,214,93,43,18,25,14.9,3.77,136,7486,31,65,216,41,2,N,1,1,0,0,Y,N,Stenotic,Stenotic,Stenotic,CAD
ZAS-208,68,60.7,159.5,Female,23.86,Y,N,N,Y,N,N,N,N,N,N,2,Y,Y,N,N,Y,Y,120,89,N,N,N,N,N,74,1.21,139,123,48,18,14,13.3,4.09,139,8505,49,46,236,33,1,N,0,0,0,1,N,Y,Normal,Stenotic,Normal,CAD
ZAS-209,49,86.9,177.6,Male,27.55,Y,Y,N,N,N,N,Y,N,N,N,2,Y,N,N,N,Y,N,117,82,N,N,N,N,N,129,1.41,150,142,40,24,25,14.4,4.41,141,7226,37,57,193,27,2,N,0,0,1,0,N,N,Stenotic,Normal,Stenotic,CAD
ZAS-210,63,75.9,165.3,Male,27.78,N,N,N,N,N,N,N,N,N,N,2,Y,N,N,N,Y,Y,125,78,N,N,N,N,N,91,1.24,147,131,31,23,26,15.5,4.5,138,9185,18,76,224,34,2,Moderate,0,0,1,0,Y,Y,Stenotic,Stenotic,Normal,CAD
ZAS-211,50,57.8,168.6,Male,20.33,N,N,N,N,N,N,N,Y,N,N,4,N,Y,N,Y,Y,Y,109,86,N,N,N,N,N,134,0.77,226,119,29,20,15,15.2,4.48,140,8739,27,70,201,50,1,mild,0,0,0,1,Y,N,Stenotic,Normal,Normal,CAD
ZAS-212,53,62.8,147.1,Male,29.02,N,Y,Y,N,N,N,Y,N,N,Y,4,Y,Y,N,N,Y,Y,135,74,N,N,Y,N,N,70,0.62,217,70,65,10,14,12.8,3.55,141,7810,18,80,184,54,2,N,1,0,1,0,Y,N,Stenotic,Normal,Stenotic,CAD
ZAS-213,59,76.2,183.5,Male,22.63,N,N,N,Y,N,N,N,N,Y,N,3,Y,Y,N,N,N,Y,109,80,N,Y,N,N,N,113,0.79,105,153,35,15,21,11.6,4.39,146,9701,44,53,286,43,2,Moderate,0,0,1,1,Y,N,Stenotic,Normal,Normal,CAD
ZAS-214,56,86.7,162.6,Female,32.79,Y,Y,N,Y,Y,Y,N,N,N,N,2,Y,N,N,N,Y,Y,126,72,N,N,N,N,Y,149,0.91,142,122,35,13,31,10.6,4.39,144,4789,30,66,299,53,1,N,1,1,0,1,Y,N,Stenotic,Normal,Stenotic,CAD
ZAS-215,75,77.9,172.3,Male,26.24,N,Y,N,Y,N,N,N,N,N,Y,2,N,Y,N,N,Y,N,136,70,N,N,N,N,N,114,1.42,141,79,45,22,20,15.2,4.32,145,6235,47,50,205,56,0,N,0,1,1,0,Y,N,Stenotic,Normal,Stenotic,CAD
ZAS-216,59,85.3,172.8,Male,28.57,Y,N,N,N,Y,N,N,N,Y,N,2,Y,Y,N,N,Y,Y,110,83,N,N,N,N,N,114,1.3,160,174,46,13,13,13.6,3.8,132,11084,33,64,235,34,1,mild,0,0,0,0,Y,Y,Stenotic,Stenotic,Stenotic,CAD
ZAS-217,46,61.5,163.9,Male,22.89,Y,N,N,Y,N,N,N,N,N,N,1,Y,N,N,Y,N,Y,138,68,N,N,N,N,N,122,0.6,185,93,52,9,2,14.2,3.89,137,8098,26,70,281,56,0,mild,0,0,1,0,N,N,Normal,Normal,Normal,Normal
ZAS-218,56,62.3,159.3,Male,24.55,N,N,Y,N,N,N,N,N,N,N,1,N,N,N,Y,N,Y,118,85,N,N,N,N,Y,130,1.24,90,95,51,19,19,14.3,3.51,140,5801,37,57,233,63,0,mild,0,0,1,0,N,N,Normal,Normal,Normal,Normal
ZAS-219,38,81.4,159.0,Male,32.2,N,N,N,Y,N,Y,N,N,N,N,1,N,Y,N,Y,Y,N,121,58,N,N,N,N,N,91,0.6,151,53,51,14,5,13.0,3.83,144,5505,29,69,278,55,0,N,0,0,0,0,N,N,Normal,Normal,Normal,Normal
ZAS-220,38,57.4,157.9,Female,23.02,N,N,N,N,N,N,N,N,N,N,1,N,N,N,Y,N,N,111,81,N,N,N,N,N,70,1.02,207,128,38,13,15,11.3,4.05,140,4872,26,68,85,60,0,Moderate,0,0,0,0,N,N,Normal,Normal,Normal,Normal
ZAS-221,54,91.3,167.4,Male,32.58,N,Y,N,N,N,Y,N,N,N,N,3,N,Y,N,Y,N,N,137,76,N,N,N,N,N,71,0.64,139,118,37,16,11,13.4,4.67,138,8343,38,57,322,48,0,N,1,0,0,0,N,N,Normal,Normal,Normal,Normal
ZAS-222,47,79.2,179.5,Male,24.58,N,N,N,N,Y,N,N,N,N,N,1,N,N,N,Y,N,N,100,78,N,N,N,Y,N,132,1.02,67,114,39,15,20,15.0,3.85,135,8501,18,79,232,61,0,mild,0,0,0,0,N,N,Normal,Normal,Normal,Normal
ZAS-223,71,68.1,155.7,Female,28.09,N,N,N,N,Y,N,N,N,N,N,2,N,N,Y,Y,N,N,103,89,N,N,N,N,N,128,0.9,92,92,41,14,28,12.5,4.56,138,5138,28,68,152,49,0,N,0,0,1,0,N,Y,Normal,Normal,Normal,Normal
ZAS-224,64,64.9,150.3,Female,28.73,N,N,N,N,N,N,N,N,N,N,2,N,N,Y,N,N,N,115,73,Y,N,N,N,N,119,0.7,65,111,58,12,2,11.9,3.91,139,8868,26,68,175,54,0,N,0,0,0,0,N,N,Normal,Normal,Normal,Normal
ZAS-225,56,62.8,173.2,Male,20.93,Y,N,N,N,N,N,N,N,N,N,2,Y,N,N,N,N,N,113,72,N,N,N,N,N,132,0.97,223,132,65,16,8,13.6,4.04,142,6637,29,69,307,55,0,N,0,0,0,1,N,N,Normal,Normal,Normal,Normal
ZAS-226,49,76.1,165.1,Female,27.92,N,N,Y,N,N,N,N,N,N,N,2,Y,N,N,N,N,N,106,64,N,N,N,N,N,90,1.34,111,134,43,21,13,14.1,3.96,144,4556,30,68,344,51,0,N,0,0,0,1,N,N,Normal,Normal,Normal,Normal
ZAS-227,61,64.8,156.1,Female,26.59,N,N,N,N,N,N,N,N,N,N,2,N,Y,N,N,Y,N,119,83,N,N,N,N,N,70,0.67,68,106,38,19,9,13.2,4.02,141,7939,23,72,293,51,0,N,0,0,0,0,N,N,Normal,Normal,Normal,Normal
ZAS-228,63,70.3,172.0,Male,23.76,N,Y,N,Y,N,N,N,N,N,N,1,N,N,N,N,N,Y,132,55,N,N,N,N,N,101,0.68,210,89,46,28,11,13.6,4.55,141,5130,29,67,249,55,0,N,0,0,0,0,N,N,Normal,Normal,Normal,Normal
ZAS-229,58,71.6,161.4,Female,27.49,N,Y,Y,N,N,N,N,N,Y,N,1,N,N,Y,N,N,N,127,66,N,N,N,N,N,102,0.93,217,117,46,9,21,12.2,4.26,133,6172,29,66,229,65,1,N,0,0,0,1,N,N,Normal,Normal,Normal,Normal
ZAS-230,51,74.8,161.7,Female,28.61,N,N,N,N,N,N,N,N,N,N,1,N,N,N,N,N,N,129,86,N,N,N,N,N,151,0.76,105,117,39,10,25,12.7,4.65,145,4441,24,70,161,55,0,N,0,0,0,0,N,N,Normal,Normal,Normal,Normal
ZAS-231,53,80.7,160.3,Female,31.41,N,N,N,N,N,Y,N,N,N,N,2,N,N,Y,N,N,N,101,60,N,N,N,N,N,115,0.93,91,71,48,15,26,12.8,4.11,143,9953,30,67,205,57,0,mild,0,0,0,0,N,N,Normal,Normal,Normal,Normal
ZAS-232,59,77.4,169.2,Male,27.04,N,N,N,N,N,N,N,N,N,N,1,N,N,Y,N,Y,N,132,73,N,N,N,N,N,96,1.31,157,115,40,8,35,14.6,4.59,136,5653,36,61,204,55,0,N,0,0,0,0,N,Y,Normal,Normal,Normal,Normal
ZAS-233,54,85.3,176.8,Male,27.29,Y,Y,Y,N,N,N,N,N,N,N,1,N,Y,N,N,N,N,121,77,N,N,N,N,N,163,0.6,190,50,52,14,14,11.3,4.36,139,8211,13,85,200,45,1,N,0,0,0,0,N,N,Normal,Normal,Normal,Normal
ZAS-234,54,73.6,172.5,Male,24.73,N,Y,N,N,N,N,N,N,N,N,2,N,N,N,N,Y,N,141,75,N,N,N,N,N,101,1.12,145,108,47,11,8,15.2,3.93,140,4764,21,73,105,62,0,N,0,0,0,0,N,N,Normal,Normal,Normal,Normal
ZAS-235,55,72.5,164.0,Female,26.96,Y,N,N,N,N,N,N,N,N,Y,1,N,Y,Y,N,N,N,106,70,N,N,N,N,N,160,1.13,132,130,29,11,14,11.7,3.7,141,9307,18,76,216,57,0,N,0,0,0,0,N,N,Normal,Normal,Normal,Normal
ZAS-236,42,58.0,150.5,Female,25.61,N,Y,N,N,N,N,N,N,N,N,1,N,N,Y,N,N,N,138,75,N,N,N,N,N,130,0.77,154,99,41,15,23,10.8,4.55,132,6933,43,52,205,55,0,N,0,0,0,0,N,N,Normal,Normal,Normal,Normal
ZAS-237,58,71.1,164.3,Female,26.34,Y,Y,Y,N,N,N,N,N,N,N,3,N,Y,Y,N,N,N,135,72,N,N,N,N,N,153,1.19,173,50,36,10,2,12.6,4.0,148,10152,23,73,190,54,0,N,0,0,0,0,N,N,Normal,Normal,Normal,Normal
ZAS-238,71,64.1,155.6,Female,26.48,N,Y,N,Y,N,N,N,N,N,N,2,N,N,N,Y,N,N,120,71,N,N,N,N,N,137,1.28,124,90,65,21,16,14.2,4.13,135,7815,20,78,181,61,1,N,0,0,0,0,N,N,Normal,Normal,Normal,Normal
ZAS-239,64,81.7,171.5,Male,27.78,N,N,N,N,N,N,N,N,N,N,1,N,N,Y,Y,Y,N,119,77,N,N,N,N,N,77,0.74,163,126,30,16,6,12.3,3.87,141,5814,32,66,210,50,0,N,0,0,0,0,N,N,Normal,Normal,Normal,Normal
ZAS-240,45,68.8,164.1,Female,25.55,Y,N,N,N,N,N,N,N,N,N,1,N,N,N,Y,Y,N,120,90,N,N,N,N,N,190,1.37,177,50,42,20,55,14.9,4.16,140,4532,27,69,263,54,0,N,0,0,0,0,N,N,Normal,Normal,Normal,Normal
ZAS-241,59,48,163.7,Male,17.91,N,Y,N,N,N,N,N,N,N,N,3,N,N,N,Y,N,N,120,77,N,N,N,N,N,130,1.15,71,113,34,23,30,15.7,4.2,138,6634,33,63,199,52,0,Severe,0,0,1,0,N,N,Normal,Normal,Normal,Normal
ZAS-242,38,82.3,162.6,Female,31.13,N,Y,N,N,N,Y,N,N,N,N,2,N,N,N,N,N,N,176,66,N,N,N,N,N,84,0.73,65,74,50,13,2,12.2,4.23,140,4850,23,73,159,48,0,N,0,0,0,0,N,N,Normal,Normal,Normal,Normal
ZAS-243,53,69.8,157.7,Female,28.07,Y,N,N,N,N,N,N,N,N,N,1,N,N,Y,Y,Y,N,109,75,N,N,N,N,N,153,0.83,144,98,64,19,20,12.4,4.11,149,6850,37,59,233,64,0,mild,0,0,0,0,N,N,Normal,Normal,Normal,Normal
ZAS-244,55,63.9,165.9,Female,23.22,N,N,N,N,N,N,N,N,N,N,1,Y,N,Y,N,N,N,118,84,N,N,N,N,N,70,0.96,245,100,65,9,3,12.2,4.09,140,5430,28,68,306,63,0,mild,0,0,0,0,N,N,Normal,Normal,Normal,Normal
ZAS-245,52,83.3,151.0,Female,36.53,N,N,N,N,N,Y,N,N,N,N,1,Y,N,N,Y,N,N,133,68,N,N,N,N,N,97,1.0,99,97,43,15,8,14.7,4.64,139,4717,33,65,266,52,0,N,0,0,0,0,N,N,Normal,Normal,Normal,Normal
ZAS-246,51,89.4,162.5,Male,33.86,N,Y,N,N,N,Y,N,N,N,N,3,N,Y,N,Y,N,N,148,76,N,N,N,N,N,148,0.91,74,146,50,14,15,15.6,4.52,137,3914,25,71,257,63,0,N,0,0,0,0,N,N,Normal,Normal,Normal,Normal
ZAS-247,38,58.8,159.6,Female,23.08,N,N,N,N,N,N,N,N,N,N,1,N,N,Y,N,N,N,135,68,N,N,N,Y,N,90,1.21,65,140,42,11,15,13.9,4.24,141,7531,33,65,203,53,0,N,0,0,0,0,N,N,Normal,Normal,Normal,Normal
ZAS-248,65,65.8,154.5,Male,27.57,N,N,N,N,N,N,N,N,N,N,1,Y,Y,Y,Y,Y,N,125,73,N,N,N,N,N,140,1.52,206,118,36,17,9,13.3,4.56,138,7264,33,64,233,53,0,N,0,0,0,1,N,Y,Normal,Normal,Normal,Normal
ZAS-249,57,59.5,152.9,Female,25.45,N,N,N,N,N,N,N,N,N,N,2,N,Y,N,N,N,N,135,84,N,N,N,N,N,89,0.73,154,133,48,21,2,13.2,4.24,138,6019,18,77,285,53,0,N,0,0,0,0,N,N,Normal,Normal,Normal,Normal
ZAS-250,41,65.5,177.2,Male,20.86,N,N,N,N,N,N,N,N,N,N,2,Y,N,Y,N,N,N,131,77,N,N,N,N,N,78,0.93,68,119,35,18,12,15.8,4.06,139,4521,38,59,254,57,0,mild,0,0,0,0,N,N,Normal,Normal,Normal,Normal
ZAS-251,56,101.5,170.7,Male,34.83,N,Y,Y,N,N,Y,N,N,N,N,1,N,N,Y,Y,N,N,142,73,N,N,N,N,N,110,1.07,118,153,59,8,23,12.5,3.86,138,9846,31,66,253,55,0,mild,0,0,0,0,N,N,Normal,Normal,Normal,Normal
ZAS-252,49,71.8,163.1,Male,26.99,Y,N,N,N,N,N,N,N,N,N,3,Y,Y,N,N,N,N,128,88,N,N,N,N,N,85,1.59,71,103,22,8,8,14.5,3.5,139,7087,30,66,243,52,0,N,0,0,1,0,N,N,Normal,Normal,Normal,Normal
ZAS-253,62,92.2,174.3,Male,30.35,N,Y,N,N,N,Y,N,N,Y,N,1,N,N,Y,N,N,N,135,89,N,N,N,N,N,80,1.49,82,142,52,11,27,15.5,4.67,140,6085,37,60,250,50,0,N,0,0,0,0,N,N,Normal,Normal,Normal,Normal
ZAS-254,48,68.3,167.3,Female,24.4,N,N,N,Y,N,N,N,N,N,N,2,N,N,N,Y,N,N,107,84,N,N,N,N,N,70,0.96,65,111,31,8,2,13.1,5.08,144,6526,45,49,303,52,0,N,0,0,0,0,N,N,Normal,Normal,Normal,Normal
ZAS-255,42,58.6,165.0,Male,21.52,N,N,N,N,N,N,N,N,N,N,2,Y,N,Y,N,N,Y,133,75,N,N,N,Y,N,91,1.18,115,81,33,17,18,14.5,3.93,139,4971,19,77,230,45,0,N,0,0,0,0,N,N,Normal,Normal,Normal,Normal
ZAS-256,47,68.0,175.3,Male,22.13,N,N,N,N,N,N,N,N,N,N,1,N,N,Y,Y,N,N,131,73,Y,N,N,N,N,106,1.26,187,152,50,10,21,15.3,3.88,140,7902,24,74,216,55,1,N,0,0,0,0,N,N,Normal,Normal,Normal,Normal
ZAS-257,65,71.3,167.4,Male,25.44,N,N,N,N,N,N,N,N,N,N,2,N,Y,N,Y,N,N,140,92,N,N,N,N,N,70,0.9,181,115,32,24,2,14.1,3.8,144,5473,21,76,174,47,0,N,0,0,0,1,N,N,Normal,Normal,Normal,Normal
ZAS-258,52,69.0,163.6,Female,25.78,N,N,N,N,N,N,N,N,N,N,1,N,N,N,Y,N,N,104,99,N,N,N,N,N,70,0.6,118,92,44,8,22,14.6,4.12,145,4183,37,61,220,56,0,N,0,0,0,0,N,N,Normal,Normal,Normal,Normal
ZAS-259,47,66.9,172.8,Male,22.4,N,Y,N,N,N,N,N,N,N,Y,1,Y,N,Y,N,Y,N,168,68,N,N,N,N,N,105,0.8,104,102,43,8,13,13.5,3.85,141,6410,34,63,247,57,0,N,0,0,0,1,N,N,Normal,Normal,Normal,Normal
ZAS-260,57,69.7,156.5,Female,28.46,N,Y,N,N,N,N,N,N,Y,N,3,Y,Y,N,N,N,N,145,74,N,N,N,N,N,70,1.15,135,108,43,8,22,12.9,4.5,140,5318,31,67,189,51,1,N,0,0,0,0,N,N,Normal,Normal,Normal,Normal
ZAS-261,46,69.3,169.7,Male,24.06,N,Y,Y,N,N,N,N,N,Y,N,2,N,Y,N,Y,Y,N,130,80,N,N,N,N,N,82,0.68,65,114,38,20,20,11.5,3.95,139,8713,29,68,261,55,1,N,0,0,0,0,N,N,Normal,Normal,Normal,Normal
ZAS-262,46,75.2,183.8,Male,22.26,N,N,N,N,N,N,N,N,N,N,1,N,Y,Y,Y,N,Y,127,84,N,N,N,Y,N,143,1.02,170,85,44,25,31,12.4,4.47,146,6712,20,78,311,45,0,N,0,0,0,0,N,Y,Normal,Normal,Normal,Normal
ZAS-263,48,73.2,158.2,Female,29.25,N,Y,N,N,N,N,N,N,Y,N,1,N,N,N,N,N,N,151,65,N,N,N,N,N,70,1.03,137,50,39,8,8,13.1,3.71,139,5486,36,59,254,48,1,mild,0,0,0,0,N,N,Normal,Normal,Normal,Normal
ZAS-264,49,65.4,159.4,Female,25.74,N,N,N,N,N,N,N,N,N,N,2,Y,N,N,N,N,N,104,92,N,N,N,Y,N,70,0.61,175,68,61,12,20,11.5,4.57,134,8801,30,64,233,53,1,N,0,0,0,0,N,N,Normal,Normal,Normal,Normal
ZAS-265,55,70.9,161.6,Male,27.15,N,N,N,N,N,N,N,N,N,N,1,N,N,N,N,N,N,110,87,N,N,N,N,N,74,1.05,204,121,44,18,16,14.4,4.88,139,6259,27,69,237,53,0,N,0,0,0,0,N,N,Normal,Normal,Normal,Normal
ZAS-266,50,69.3,166.0,Female,25.15,N,Y,N,N,N,N,N,N,N,N,3,N,N,N,N,N,N,138,72,N,N,N,Y,N,115,0.6,176,119,39,19,4,12.8,3.73,138,4696,33,65,255,53,1,mild,0,0,0,0,N,N,Normal,Normal,Normal,Normal
ZAS-267,64,62.4,165.4,Male,22.81,N,N,N,Y,N,N,N,N,N,N,2,Y,Y,N,Y,N,N,110,88,N,N,N,N,N,70,0.73,65,106,55,10,2,14.3,4.36,139,3800,24,72,210,55,0,mild,0,0,0,1,N,N,Normal,Normal,Normal,Normal
ZAS-268,42,88.8,182.2,Male,26.75,N,N,N,N,N,N,N,N,N,Y,1,Y,N,Y,Y,N,N,142,73,N,N,N,Y,Y,102,1.18,136,70,38,18,29,13.9,4.21,143,5838,43,53,313,48,0,N,0,0,0,0,N,N,Normal,Normal,Normal,Normal
ZAS-269,53,55.2,166.3,Male,19.96,Y,N,N,N,N,N,N,N,N,N,2,N,N,Y,Y,Y,N,120,89,N,N,N,N,N,142,1.26,78,132,54,16,2,12.6,3.78,142,8606,28,67,310,49,0,N,0,0,1,0,N,N,Normal,Normal,Normal,Normal
ZAS-270,46,87.0,152.8,Female,37.26,N,N,N,N,N,Y,N,N,N,N,1,N,N,N,N,N,N,108,55,N,N,N,N,N,70,0.6,183,71,48,25,11,13.4,4.59,147,7316,36,59,218,60,0,N,0,0,0,0,N,N,Normal,Normal,Normal,Normal
ZAS-271,49,64.0,161.4,Male,24.57,Y,N,N,N,N,N,N,N,N,N,1,N,N,N,Y,N,N,125,72,N,N,N,Y,N,153,0.68,122,155,52,13,29,15.2,4.07,141,5073,26,69,248,49,0,N,0,0,0,0,N,Y,Normal,Normal,Normal,Normal
ZAS-272,43,85.5,176.8,Male,27.35,Y,Y,N,N,Y,N,N,N,N,N,2,Y,Y,N,N,N,N,138,55,N,N,N,N,Y,94,0.71,196,175,37,18,22,13.9,3.81,138,9675,28,70,306,59,0,N,0,0,0,1,N,N,Normal,Normal,Normal,Normal
ZAS-273,40,78.2,165.5,Male,28.55,Y,N,N,N,N,N,N,N,N,N,1,N,N,Y,N,N,N,128,63,N,N,N,N,N,135,0.84,75,92,37,14,7,13.3,4.58,140,8126,32,63,294,61,0,N,0,0,1,0,N,Y,Normal,Normal,Normal,Normal
ZAS-274,48,80.9,163.1,Male,30.41,N,Y,N,N,N,Y,N,N,N,N,1,N,Y,N,N,Y,N,140,89,N,N,N,N,N,95,1.29,137,120,52,18,20,13.2,4.07,141,9761,36,58,296,56,0,Moderate,0,0,0,0,N,N,Normal,Normal,Normal,Normal
ZAS-275,54,75.2,155.3,Female,31.18,N,Y,Y,N,N,Y,N,N,N,N,1,Y,N,N,Y,Y,N,140,86,N,N,N,Y,N,100,1.03,159,141,32,10,10,12.6,4.47,141,7569,23,75,167,56,0,N,0,0,0,0,N,N,Normal,Normal,Normal,Normal
ZAS-276,51,68.8,148.5,Female,31.2,N,N,N,N,N,Y,N,N,N,N,3,Y,N,Y,Y,N,N,113,81,N,N,N,N,N,106,1.42,138,67,33,9,28,14.2,4.1,141,9606,22,74,176,54,0,mild,0,0,1,0,N,N,Normal,Normal,Normal,Normal
ZAS-277,51,64.9,172.2,Male,21.89,N,N,N,N,N,N,N,N,N,N,1,N,Y,N,Y,N,N,135,74,N,N,N,N,N,74,1.23,145,112,36,11,8,15.2,4.38,142,8002,19,79,236,50,0,N,0,0,0,0,N,N,Normal,Normal,Normal,Normal
ZAS-278,41,84.3,165.3,Female,30.85,N,N,N,N,Y,Y,N,N,Y,N,4,N,N,Y,N,N,N,132,102,N,N,N,Y,N,100,0.76,162,92,43,11,4,10.7,3.94,144,5550,36,60,176,50,1,mild,0,0,0,0,N,N,Normal,Normal,Normal,Normal
ZAS-279,49,71.3,166.9,Female,25.6,N,Y,N,N,N,N,N,N,N,N,2,N,Y,N,Y,Y,N,140,76,N,N,N,N,N,156,0.71,163,77,42,14,31,14.3,4.09,141,3800,37,58,247,56,0,Moderate,0,0,0,0,N,N,Normal,Normal,Normal,Normal
ZAS-280,61,69.7,173.4,Male,23.18,N,Y,N,N,N,N,N,N,N,N,2,N,Y,Y,N,N,N,112,55,Y,N,N,N,N,122,0.92,102,50,38,19,39,14.4,4.2,140,3800,20,74,338,53,0,mild,0,0,0,0,N,N,Normal,Normal,Normal,Normal
ZAS-281,48,80.9,167.5,Male,28.83,N,N,N,N,N,N,N,N,N,N,2,Y,N,N,N,N,N,115,57,N,N,N,N,N,127,1.03,189,99,43,23,23,16.4,5.25,143,8624,29,67,272,46,0,N,0,0,0,0,N,N,Normal,Normal,Normal,Normal
ZAS-282,44,78.4,174.0,Male,25.9,N,Y,Y,N,N,N,N,N,N,N,1,N,N,N,Y,N,N,152,74,N,N,N,N,N,94,0.92,162,50,37,16,21,13.8,4.44,138,3800,20,77,220,48,0,N,0,0,0,1,N,N,Normal,Normal,Normal,Normal
ZAS-283,45,67.2,170.0,Male,23.25,N,N,N,N,N,N,N,N,N,N,2,N,N,N,N,N,N,102,83,N,N,N,N,N,102,0.6,153,165,37,11,9,13.2,4.68,137,7223,29,68,218,50,0,N,0,0,0,0,Y,Y,Normal,Normal,Normal,Normal
ZAS-284,40,64.1,172.8,Male,21.47,N,N,Y,N,N,N,N,N,N,N,2,N,N,N,N,N,N,127,58,N,N,N,N,N,114,1.32,188,105,42,17,9,13.9,4.76,137,7448,36,60,139,59,0,N,0,0,0,0,N,N,Normal,Normal,Normal,Normal
ZAS-285,71,78.4,157.7,Female,31.52,N,N,N,N,N,Y,N,N,N,N,1,N,N,N,N,Y,N,122,78,N,N,N,N,N,70,0.85,65,50,29,15,2,13.2,4.52,135,6461,38,58,368,63,0,N,0,0,0,0,N,N,Normal,Normal,Normal,Normal
ZAS-286,55,48,153.7,Female,20.32,N,N,N,N,N,N,N,N,N,N,2,N,N,N,Y,Y,Y,113,81,N,N,N,Y,N,81,0.98,185,124,47,8,2,12.9,3.69,138,8931,39,57,231,60,0,N,0,0,0,0,N,N,Normal,Normal,Normal,Normal
ZAS-287,60,98.0,159.0,Female,38.76,N,N,N,N,Y,Y,N,N,N,N,3,Y,Y,Y,N,N,N,117,76,N,N,N,N,N,71,1.03,145,81,60,14,2,14.3,4.52,145,5519,16,80,200,57,1,N,0,0,0,0,N,N,Normal,Normal,Normal,Normal
ZAS-288,57,71.5,171.6,Female,24.28,Y,N,N,Y,N,N,N,N,N,N,2,N,N,Y,Y,N,N,99,78,N,N,N,N,N,126,0.76,77,128,54,9,12,10.5,3.99,140,4806,35,60,250,59,0,N,0,0,0,0,N,N,Normal,Normal,Normal,Normal
ZAS-289,39,88.1,174.9,Male,28.8,N,Y,Y,N,N,N,N,N,N,N,2,N,N,Y,Y,N,N,136,80,N,N,N,N,N,110,0.84,65,117,46,14,21,13.5,3.64,141,5758,22,74,267,50,0,N,0,0,0,0,N,N,Normal,Normal,Normal,Normal
ZAS-290,54,88.7,169.9,Male,30.73,N,N,N,N,N,Y,N,N,N,N,1,N,N,Y,Y,N,N,110,78,N,N,N,N,N,134,0.6,131,138,41,15,18,12.1,3.5,146,4627,27,70,289,58,0,N,0,0,0,0,Y,N,Normal,Normal,Normal,Normal
ZAS-291,57,83.8,166.6,Male,30.19,N,N,N,N,N,Y,N,N,N,N,1,N,N,Y,Y,N,N,100,70,N,N,N,N,N,98,0.88,101,112,54,17,2,13.3,4.19,137,6986,31,65,244,48,0,N,0,0,0,1,N,N,Normal,Normal,Normal,Normal
ZAS-292,65,80.9,160.7,Female,31.33,N,Y,N,N,N,Y,N,N,N,N,2,N,N,Y,Y,N,N,160,63,N,N,N,N,N,113,1.07,73,71,52,12,5,12.7,4.54,144,6311,15,80,243,50,0,N,0,0,0,0,N,N,Normal,Normal,Normal,Normal
ZAS-293,45,75.5,164.2,Female,28.0,N,Y,N,Y,N,N,N,N,N,N,1,N,N,Y,Y,N,N,139,90,N,N,N,N,N,137,0.82,207,108,48,18,7,13.8,4.27,135,6299,33,64,215,54,0,N,0,0,0,0,N,N,Normal,Normal,Normal,Normal
ZAS-294,57,57.8,169.8,Female,20.05,N,N,N,N,N,N,N,N,N,N,2,N,N,N,N,N,N,122,74,N,N,N,N,N,147,0.7,193,134,51,11,5,10.5,4.55,142,8576,26,71,258,54,1,mild,0,0,0,0,N,N,Normal,Normal,Normal,Normal
ZAS-295,62,76.0,174.3,Male,25.02,N,Y,N,N,N,N,N,N,N,N,2,Y,N,Y,Y,N,Y,155,62,N,N,N,N,Y,106,1.02,138,98,44,14,12,12.9,4.78,141,4814,34,64,245,43,0,N,0,0,1,0,N,N,Normal,Normal,Normal,Normal
ZAS-296,59,68.9,178.7,Male,21.58,N,Y,Y,N,N,N,N,N,N,N,1,N,Y,N,N,Y,N,140,68,N,N,N,N,N,104,0.97,85,50,36,18,31,14.8,4.22,141,6210,33,62,252,56,0,N,0,0,0,0,N,Y,Normal,Normal,Normal,Normal
ZAS-297,49,80.0,160.4,Male,31.09,N,N,N,N,Y,Y,N,N,N,N,1,N,N,N,Y,Y,Y,135,62,N,N,N,N,N,129,1.34,140,98,63,19,41,11.0,4.26,136,6646,31,67,171,50,0,N,0,0,0,0,N,N,Normal,Normal,Normal,Normal
ZAS-298,56,79.2,169.6,Male,27.53,N,N,Y,N,N,N,N,N,N,N,3,Y,Y,N,Y,N,N,116,72,N,N,N,N,N,108,0.82,156,52,38,18,18,14.5,4.63,136,5918,24,72,197,55,0,N,0,0,0,0,N,N,Normal,Normal,Normal,Normal
ZAS-299,41,86.8,167.2,Male,31.05,N,N,N,Y,N,Y,N,N,Y,N,1,Y,Y,N,Y,N,N,120,79,N,N,N,N,N,76,0.98,164,113,48,9,6,13.4,3.64,135,6198,33,64,291,50,0,Severe,1,0,1,1,N,N,Normal,Normal,Normal,Normal
ZAS-300,52,71.5,145,Female,34.01,N,Y,N,N,N,Y,N,N,N,N,1,Y,N,N,Y,Y,N,122,81,N,N,N,N,Y,86,0.72,101,73,43,8,2,10.9,4.9,136,8584,23,72,172,60,0,N,0,0,0,0,N,N,Normal,Normal,Normal,Normal
ZAS-301,45,56.2,168.8,Male,19.72,N,N,N,Y,N,N,N,N,N,N,3,N,N,Y,N,N,Y,125,70,N,N,N,N,N,70,0.94,65,64,34,10,26,12.8,4.48,140,6323,29,68,207,44,1,Moderate,0,0,0,0,N,N,Normal,Normal,Normal,Normal
ZAS-302,60,61.2,159.5,Female,24.06,N,Y,N,N,N,N,N,N,N,N,2,N,N,Y,Y,N,N,114,77,N,N,N,Y,N,74,0.92,137,92,46,24,29,12.6,4.03,140,6254,38,56,225,47,0,N,0,0,0,1,N,N,Normal,Normal,Normal,Normal
ZAS-303,70,91.5,171.5,Male,31.11,Y,Y,N,N,N,Y,N,N,N,N,2,N,N,N,N,N,N,137,82,N,N,N,N,N,82,0.98,65,77,32,15,10,13.1,4.22,140,4741,25,72,182,52,0,N,0,0,0,0,N,N,Normal,Normal,Normal,Normal
